<?xml version="1.0" encoding="UTF-8"?>
<gpx creator="StravaGPX" version="1.1" xmlns="http://www.topografix.com/GPX/1/1" xmlns:xsi="http://www.w3.org/2001/XMLSchema-instance" xsi:schemaLocation="http://www.topografix.com/GPX/1/1 http://www.topografix.com/GPX/1/1/gpx.xsd">
 <metadata>
  <name>Tossa Cycling | Coastal Explorer</name>
  <author>
   <name>Lukasz Komar</name>
   <link href="https://www.strava.com/athletes/7754020"/>
  </author>
  <copyright author="OpenStreetMap contributors">
   <year>2020</year>
   <license>https://www.openstreetmap.org/copyright</license>
  </copyright>
  <link href="https://www.strava.com/routes/3335317134226590564"/>
 </metadata>
 <trk>
  <name>Tossa Cycling | Coastal Explorer</name>
  <link href="https://www.strava.com/routes/3335317134226590564"/>
  <type>cycling</type>
  <trkseg>
   <trkpt lat="41.723420000000004" lon="2.93202">
    <ele>11.600000000000001</ele>
   </trkpt>
   <trkpt lat="41.72382" lon="2.93264">
    <ele>14.46</ele>
   </trkpt>
   <trkpt lat="41.72395" lon="2.9327300000000003">
    <ele>16.18</ele>
   </trkpt>
   <trkpt lat="41.72415" lon="2.93277">
    <ele>17.580000000000002</ele>
   </trkpt>
   <trkpt lat="41.72477000000001" lon="2.93285">
    <ele>21.800000000000004</ele>
   </trkpt>
   <trkpt lat="41.724810000000005" lon="2.9329">
    <ele>22.01</ele>
   </trkpt>
   <trkpt lat="41.72484" lon="2.93292">
    <ele>22.01</ele>
   </trkpt>
   <trkpt lat="41.72489" lon="2.93292">
    <ele>22.410000000000004</ele>
   </trkpt>
   <trkpt lat="41.724940000000004" lon="2.9328800000000004">
    <ele>22.71</ele>
   </trkpt>
   <trkpt lat="41.72505" lon="2.9329500000000004">
    <ele>22.71</ele>
   </trkpt>
   <trkpt lat="41.72544500063429" lon="2.933299997939747">
    <ele>25.970000000000002</ele>
   </trkpt>
   <trkpt lat="41.725840000000005" lon="2.93365">
    <ele>29.120000000000005</ele>
   </trkpt>
   <trkpt lat="41.72621" lon="2.93387">
    <ele>32.68</ele>
   </trkpt>
   <trkpt lat="41.72628" lon="2.9339700000000004">
    <ele>33.330000000000005</ele>
   </trkpt>
   <trkpt lat="41.726310000000005" lon="2.9341000000000004">
    <ele>33.690000000000005</ele>
   </trkpt>
   <trkpt lat="41.726290000000006" lon="2.9342">
    <ele>33.690000000000005</ele>
   </trkpt>
   <trkpt lat="41.72623" lon="2.93428">
    <ele>34.67</ele>
   </trkpt>
   <trkpt lat="41.72614" lon="2.93432">
    <ele>34.67</ele>
   </trkpt>
   <trkpt lat="41.72581" lon="2.9342900000000003">
    <ele>36.6</ele>
   </trkpt>
   <trkpt lat="41.72576" lon="2.9343000000000004">
    <ele>36.6</ele>
   </trkpt>
   <trkpt lat="41.725660000000005" lon="2.9343800000000004">
    <ele>37.8</ele>
   </trkpt>
   <trkpt lat="41.72561" lon="2.9345000000000003">
    <ele>38.36000000000001</ele>
   </trkpt>
   <trkpt lat="41.725620000000006" lon="2.9346200000000002">
    <ele>39.6</ele>
   </trkpt>
   <trkpt lat="41.725660000000005" lon="2.93475">
    <ele>39.6</ele>
   </trkpt>
   <trkpt lat="41.725910000000006" lon="2.9353000000000002">
    <ele>42.84</ele>
   </trkpt>
   <trkpt lat="41.7259" lon="2.93541">
    <ele>42.84</ele>
   </trkpt>
   <trkpt lat="41.72580000000001" lon="2.9355800000000003">
    <ele>44.18</ele>
   </trkpt>
   <trkpt lat="41.725770000000004" lon="2.93575">
    <ele>45.76</ele>
   </trkpt>
   <trkpt lat="41.72579" lon="2.9359200000000003">
    <ele>45.76</ele>
   </trkpt>
   <trkpt lat="41.72594" lon="2.93629">
    <ele>48.36000000000001</ele>
   </trkpt>
   <trkpt lat="41.72592" lon="2.9364100000000004">
    <ele>49.040000000000006</ele>
   </trkpt>
   <trkpt lat="41.72581" lon="2.9365900000000003">
    <ele>50.84</ele>
   </trkpt>
   <trkpt lat="41.72580000000001" lon="2.93665">
    <ele>50.84</ele>
   </trkpt>
   <trkpt lat="41.725820000000006" lon="2.93677">
    <ele>51.45</ele>
   </trkpt>
   <trkpt lat="41.72598000000001" lon="2.9370900000000004">
    <ele>53.99</ele>
   </trkpt>
   <trkpt lat="41.726240000000004" lon="2.9373400000000003">
    <ele>55.870000000000005</ele>
   </trkpt>
   <trkpt lat="41.72646" lon="2.93744">
    <ele>56.93</ele>
   </trkpt>
   <trkpt lat="41.72657" lon="2.93752">
    <ele>58.81000000000001</ele>
   </trkpt>
   <trkpt lat="41.726620000000004" lon="2.93758">
    <ele>58.81000000000001</ele>
   </trkpt>
   <trkpt lat="41.72664" lon="2.9377700000000004">
    <ele>60.34</ele>
   </trkpt>
   <trkpt lat="41.72664" lon="2.9377600000000004">
    <ele>60.230000000000004</ele>
   </trkpt>
   <trkpt lat="41.72665000000001" lon="2.9378">
    <ele>60.230000000000004</ele>
   </trkpt>
   <trkpt lat="41.726600000000005" lon="2.93786">
    <ele>61.58</ele>
   </trkpt>
   <trkpt lat="41.72652" lon="2.93792">
    <ele>61.58</ele>
   </trkpt>
   <trkpt lat="41.726350000000004" lon="2.9379700000000004">
    <ele>63.06</ele>
   </trkpt>
   <trkpt lat="41.726290000000006" lon="2.9380300000000004">
    <ele>64.26</ele>
   </trkpt>
   <trkpt lat="41.72625" lon="2.9381600000000003">
    <ele>64.26</ele>
   </trkpt>
   <trkpt lat="41.72625" lon="2.93839">
    <ele>65.52000000000001</ele>
   </trkpt>
   <trkpt lat="41.72621" lon="2.93846">
    <ele>66.74000000000001</ele>
   </trkpt>
   <trkpt lat="41.72616" lon="2.9385000000000003">
    <ele>66.74000000000001</ele>
   </trkpt>
   <trkpt lat="41.725860000000004" lon="2.9384900000000003">
    <ele>68.15</ele>
   </trkpt>
   <trkpt lat="41.72569" lon="2.9384500000000005">
    <ele>69.31</ele>
   </trkpt>
   <trkpt lat="41.72554" lon="2.9383500000000002">
    <ele>70.87</ele>
   </trkpt>
   <trkpt lat="41.72545" lon="2.93832">
    <ele>71.45</ele>
   </trkpt>
   <trkpt lat="41.72536" lon="2.9383500000000002">
    <ele>72.0</ele>
   </trkpt>
   <trkpt lat="41.725300000000004" lon="2.9384200000000003">
    <ele>72.52</ele>
   </trkpt>
   <trkpt lat="41.72524000000001" lon="2.93855">
    <ele>72.97</ele>
   </trkpt>
   <trkpt lat="41.72524000000001" lon="2.9386400000000004">
    <ele>72.97</ele>
   </trkpt>
   <trkpt lat="41.72531" lon="2.9389000000000003">
    <ele>74.11000000000001</ele>
   </trkpt>
   <trkpt lat="41.725410000000004" lon="2.93914">
    <ele>74.73</ele>
   </trkpt>
   <trkpt lat="41.725640000000006" lon="2.93941">
    <ele>76.67</ele>
   </trkpt>
   <trkpt lat="41.726060000000004" lon="2.9397100000000003">
    <ele>80.07000000000001</ele>
   </trkpt>
   <trkpt lat="41.726150000000004" lon="2.9397900000000003">
    <ele>81.38000000000001</ele>
   </trkpt>
   <trkpt lat="41.726310000000005" lon="2.9399800000000003">
    <ele>83.39</ele>
   </trkpt>
   <trkpt lat="41.72652" lon="2.9403400000000004">
    <ele>85.51</ele>
   </trkpt>
   <trkpt lat="41.726530000000004" lon="2.94043">
    <ele>86.20000000000002</ele>
   </trkpt>
   <trkpt lat="41.726510000000005" lon="2.9405300000000003">
    <ele>86.86</ele>
   </trkpt>
   <trkpt lat="41.72645000000001" lon="2.9406200000000005">
    <ele>86.86</ele>
   </trkpt>
   <trkpt lat="41.726310000000005" lon="2.9407300000000003">
    <ele>88.14000000000001</ele>
   </trkpt>
   <trkpt lat="41.726240000000004" lon="2.9408100000000004">
    <ele>89.14000000000001</ele>
   </trkpt>
   <trkpt lat="41.726220000000005" lon="2.94091">
    <ele>90.07000000000001</ele>
   </trkpt>
   <trkpt lat="41.72623" lon="2.94099">
    <ele>90.07000000000001</ele>
   </trkpt>
   <trkpt lat="41.72643" lon="2.9413600000000004">
    <ele>92.21000000000001</ele>
   </trkpt>
   <trkpt lat="41.726440000000004" lon="2.94151">
    <ele>93.58000000000001</ele>
   </trkpt>
   <trkpt lat="41.726310000000005" lon="2.9418300000000004">
    <ele>95.79</ele>
   </trkpt>
   <trkpt lat="41.72627000000001" lon="2.94207">
    <ele>97.03</ele>
   </trkpt>
   <trkpt lat="41.726290000000006" lon="2.9423700000000004">
    <ele>98.10000000000001</ele>
   </trkpt>
   <trkpt lat="41.72652" lon="2.9435200000000004">
    <ele>103.28000000000002</ele>
   </trkpt>
   <trkpt lat="41.72664" lon="2.9438000000000004">
    <ele>104.82000000000001</ele>
   </trkpt>
   <trkpt lat="41.726710000000004" lon="2.94389">
    <ele>104.82000000000001</ele>
   </trkpt>
   <trkpt lat="41.726780000000005" lon="2.9439200000000003">
    <ele>105.25000000000001</ele>
   </trkpt>
   <trkpt lat="41.72688" lon="2.94389">
    <ele>105.59</ele>
   </trkpt>
   <trkpt lat="41.72708" lon="2.9437800000000003">
    <ele>106.03000000000002</ele>
   </trkpt>
   <trkpt lat="41.72717" lon="2.9437900000000004">
    <ele>105.97000000000001</ele>
   </trkpt>
   <trkpt lat="41.72735" lon="2.9438500000000003">
    <ele>105.78000000000002</ele>
   </trkpt>
   <trkpt lat="41.727610000000006" lon="2.9438700000000004">
    <ele>105.07000000000001</ele>
   </trkpt>
   <trkpt lat="41.72768000000001" lon="2.94389">
    <ele>104.73</ele>
   </trkpt>
   <trkpt lat="41.72789" lon="2.94404">
    <ele>103.44</ele>
   </trkpt>
   <trkpt lat="41.72815000000001" lon="2.94408">
    <ele>101.29</ele>
   </trkpt>
   <trkpt lat="41.728210000000004" lon="2.9441200000000003">
    <ele>101.29</ele>
   </trkpt>
   <trkpt lat="41.728370000000005" lon="2.9443300000000003">
    <ele>101.29</ele>
   </trkpt>
   <trkpt lat="41.72842000000001" lon="2.94437">
    <ele>100.14</ele>
   </trkpt>
   <trkpt lat="41.72849" lon="2.9444000000000004">
    <ele>100.14</ele>
   </trkpt>
   <trkpt lat="41.728570000000005" lon="2.9444100000000004">
    <ele>99.65</ele>
   </trkpt>
   <trkpt lat="41.72867" lon="2.9442700000000004">
    <ele>98.36</ele>
   </trkpt>
   <trkpt lat="41.72876" lon="2.9439400000000004">
    <ele>97.18</ele>
   </trkpt>
   <trkpt lat="41.72880000000001" lon="2.9438600000000004">
    <ele>97.18</ele>
   </trkpt>
   <trkpt lat="41.728860000000005" lon="2.9437900000000004">
    <ele>97.18</ele>
   </trkpt>
   <trkpt lat="41.72916" lon="2.9436400000000003">
    <ele>95.39</ele>
   </trkpt>
   <trkpt lat="41.729420000000005" lon="2.94327">
    <ele>92.71</ele>
   </trkpt>
   <trkpt lat="41.729760000000006" lon="2.9429900000000004">
    <ele>91.42</ele>
   </trkpt>
   <trkpt lat="41.729800000000004" lon="2.9429100000000004">
    <ele>90.81</ele>
   </trkpt>
   <trkpt lat="41.72981" lon="2.9427600000000003">
    <ele>90.57000000000001</ele>
   </trkpt>
   <trkpt lat="41.729780000000005" lon="2.9426900000000002">
    <ele>90.06</ele>
   </trkpt>
   <trkpt lat="41.729510000000005" lon="2.9423600000000003">
    <ele>88.08</ele>
   </trkpt>
   <trkpt lat="41.729330000000004" lon="2.9420400000000004">
    <ele>86.02000000000001</ele>
   </trkpt>
   <trkpt lat="41.72928" lon="2.9418300000000004">
    <ele>86.02000000000001</ele>
   </trkpt>
   <trkpt lat="41.729330000000004" lon="2.9416800000000003">
    <ele>85.19</ele>
   </trkpt>
   <trkpt lat="41.72959" lon="2.9413500000000004">
    <ele>83.47</ele>
   </trkpt>
   <trkpt lat="41.72965000000001" lon="2.9413">
    <ele>82.28</ele>
   </trkpt>
   <trkpt lat="41.72972" lon="2.9412800000000003">
    <ele>82.28</ele>
   </trkpt>
   <trkpt lat="41.729850000000006" lon="2.9413300000000002">
    <ele>82.2</ele>
   </trkpt>
   <trkpt lat="41.7301" lon="2.9415600000000004">
    <ele>80.44000000000001</ele>
   </trkpt>
   <trkpt lat="41.73048" lon="2.94164">
    <ele>79.05000000000001</ele>
   </trkpt>
   <trkpt lat="41.73057" lon="2.9417000000000004">
    <ele>79.05000000000001</ele>
   </trkpt>
   <trkpt lat="41.730850000000004" lon="2.9419500000000003">
    <ele>76.30000000000001</ele>
   </trkpt>
   <trkpt lat="41.730990000000006" lon="2.94214">
    <ele>75.22000000000001</ele>
   </trkpt>
   <trkpt lat="41.73113" lon="2.94253">
    <ele>74.8</ele>
   </trkpt>
   <trkpt lat="41.731300000000005" lon="2.9431100000000003">
    <ele>71.98</ele>
   </trkpt>
   <trkpt lat="41.73134" lon="2.9432">
    <ele>71.75</ele>
   </trkpt>
   <trkpt lat="41.731410000000004" lon="2.9432500000000004">
    <ele>71.49000000000001</ele>
   </trkpt>
   <trkpt lat="41.73145" lon="2.9432600000000004">
    <ele>70.9</ele>
   </trkpt>
   <trkpt lat="41.73169" lon="2.94309">
    <ele>69.22</ele>
   </trkpt>
   <trkpt lat="41.73178" lon="2.9431100000000003">
    <ele>68.26</ele>
   </trkpt>
   <trkpt lat="41.73187" lon="2.9431700000000003">
    <ele>68.25</ele>
   </trkpt>
   <trkpt lat="41.73192" lon="2.9432600000000004">
    <ele>67.71000000000001</ele>
   </trkpt>
   <trkpt lat="41.73192" lon="2.94341">
    <ele>67.13000000000001</ele>
   </trkpt>
   <trkpt lat="41.73180000000001" lon="2.94375">
    <ele>65.61</ele>
   </trkpt>
   <trkpt lat="41.73171000000001" lon="2.9439300000000004">
    <ele>63.87000000000001</ele>
   </trkpt>
   <trkpt lat="41.73162000000001" lon="2.94404">
    <ele>63.35</ele>
   </trkpt>
   <trkpt lat="41.73127" lon="2.94424">
    <ele>61.45</ele>
   </trkpt>
   <trkpt lat="41.731230000000004" lon="2.94437">
    <ele>60.95</ele>
   </trkpt>
   <trkpt lat="41.731230000000004" lon="2.9446700000000003">
    <ele>59.60000000000001</ele>
   </trkpt>
   <trkpt lat="41.7312" lon="2.9448100000000004">
    <ele>58.830000000000005</ele>
   </trkpt>
   <trkpt lat="41.73104" lon="2.94505">
    <ele>58.120000000000005</ele>
   </trkpt>
   <trkpt lat="41.73098" lon="2.9452200000000004">
    <ele>57.03</ele>
   </trkpt>
   <trkpt lat="41.731" lon="2.94538">
    <ele>56.57</ele>
   </trkpt>
   <trkpt lat="41.73118" lon="2.9456200000000003">
    <ele>54.50000000000001</ele>
   </trkpt>
   <trkpt lat="41.73122" lon="2.9457700000000004">
    <ele>54.50000000000001</ele>
   </trkpt>
   <trkpt lat="41.73122" lon="2.9459700000000004">
    <ele>53.370000000000005</ele>
   </trkpt>
   <trkpt lat="41.73114" lon="2.9467200000000005">
    <ele>51.620000000000005</ele>
   </trkpt>
   <trkpt lat="41.73116" lon="2.9468">
    <ele>51.620000000000005</ele>
   </trkpt>
   <trkpt lat="41.73122" lon="2.94686">
    <ele>50.71</ele>
   </trkpt>
   <trkpt lat="41.731390000000005" lon="2.9469700000000003">
    <ele>50.49000000000001</ele>
   </trkpt>
   <trkpt lat="41.731460000000006" lon="2.94708">
    <ele>50.300000000000004</ele>
   </trkpt>
   <trkpt lat="41.73152" lon="2.9473300000000004">
    <ele>50.050000000000004</ele>
   </trkpt>
   <trkpt lat="41.731660000000005" lon="2.94769">
    <ele>49.900000000000006</ele>
   </trkpt>
   <trkpt lat="41.731680000000004" lon="2.94781">
    <ele>49.900000000000006</ele>
   </trkpt>
   <trkpt lat="41.73167" lon="2.9479900000000003">
    <ele>49.95</ele>
   </trkpt>
   <trkpt lat="41.73162000000001" lon="2.94823">
    <ele>50.02</ele>
   </trkpt>
   <trkpt lat="41.73149" lon="2.9485">
    <ele>50.45</ele>
   </trkpt>
   <trkpt lat="41.73147" lon="2.9486100000000004">
    <ele>50.45</ele>
   </trkpt>
   <trkpt lat="41.73154" lon="2.94938">
    <ele>50.620000000000005</ele>
   </trkpt>
   <trkpt lat="41.73163" lon="2.94978">
    <ele>50.93</ele>
   </trkpt>
   <trkpt lat="41.73165" lon="2.9501500000000003">
    <ele>51.190000000000005</ele>
   </trkpt>
   <trkpt lat="41.73172" lon="2.9503500000000003">
    <ele>51.230000000000004</ele>
   </trkpt>
   <trkpt lat="41.731750000000005" lon="2.95039">
    <ele>51.230000000000004</ele>
   </trkpt>
   <trkpt lat="41.73181" lon="2.9504300000000003">
    <ele>51.230000000000004</ele>
   </trkpt>
   <trkpt lat="41.7319" lon="2.9504500000000005">
    <ele>51.230000000000004</ele>
   </trkpt>
   <trkpt lat="41.73201" lon="2.95041">
    <ele>51.17000000000001</ele>
   </trkpt>
   <trkpt lat="41.732110000000006" lon="2.9503100000000004">
    <ele>51.17000000000001</ele>
   </trkpt>
   <trkpt lat="41.732330000000005" lon="2.9500200000000003">
    <ele>51.22</ele>
   </trkpt>
   <trkpt lat="41.732400000000005" lon="2.9499600000000004">
    <ele>51.22</ele>
   </trkpt>
   <trkpt lat="41.732820000000004" lon="2.94987">
    <ele>51.13</ele>
   </trkpt>
   <trkpt lat="41.73301" lon="2.9498">
    <ele>50.9</ele>
   </trkpt>
   <trkpt lat="41.733270000000005" lon="2.9496300000000004">
    <ele>49.89</ele>
   </trkpt>
   <trkpt lat="41.733380000000004" lon="2.9496300000000004">
    <ele>49.89</ele>
   </trkpt>
   <trkpt lat="41.733610000000006" lon="2.9497400000000003">
    <ele>48.660000000000004</ele>
   </trkpt>
   <trkpt lat="41.733760000000004" lon="2.9497700000000004">
    <ele>48.660000000000004</ele>
   </trkpt>
   <trkpt lat="41.733920000000005" lon="2.94978">
    <ele>47.93000000000001</ele>
   </trkpt>
   <trkpt lat="41.734030000000004" lon="2.9497000000000004">
    <ele>47.93000000000001</ele>
   </trkpt>
   <trkpt lat="41.734280000000005" lon="2.9492800000000003">
    <ele>46.31</ele>
   </trkpt>
   <trkpt lat="41.734390000000005" lon="2.9489">
    <ele>45.660000000000004</ele>
   </trkpt>
   <trkpt lat="41.734440000000006" lon="2.94883">
    <ele>45.53</ele>
   </trkpt>
   <trkpt lat="41.734660000000005" lon="2.9486700000000003">
    <ele>45.32000000000001</ele>
   </trkpt>
   <trkpt lat="41.73476" lon="2.9485500000000004">
    <ele>45.050000000000004</ele>
   </trkpt>
   <trkpt lat="41.734820000000006" lon="2.9484500000000002">
    <ele>44.63</ele>
   </trkpt>
   <trkpt lat="41.734840000000005" lon="2.9483800000000002">
    <ele>44.63</ele>
   </trkpt>
   <trkpt lat="41.73487" lon="2.9479100000000003">
    <ele>42.77</ele>
   </trkpt>
   <trkpt lat="41.734950000000005" lon="2.9475200000000004">
    <ele>42.38</ele>
   </trkpt>
   <trkpt lat="41.73498" lon="2.94707">
    <ele>40.160000000000004</ele>
   </trkpt>
   <trkpt lat="41.7351" lon="2.9466300000000003">
    <ele>38.67</ele>
   </trkpt>
   <trkpt lat="41.73521" lon="2.9464">
    <ele>37.970000000000006</ele>
   </trkpt>
   <trkpt lat="41.7357" lon="2.94553">
    <ele>33.660000000000004</ele>
   </trkpt>
   <trkpt lat="41.73581" lon="2.9454700000000003">
    <ele>33.2</ele>
   </trkpt>
   <trkpt lat="41.73621000000001" lon="2.9454200000000004">
    <ele>33.42</ele>
   </trkpt>
   <trkpt lat="41.73631" lon="2.9454900000000004">
    <ele>33.49</ele>
   </trkpt>
   <trkpt lat="41.73628" lon="2.94524">
    <ele>33.61</ele>
   </trkpt>
   <trkpt lat="41.736320000000006" lon="2.9451400000000003">
    <ele>33.61</ele>
   </trkpt>
   <trkpt lat="41.736560000000004" lon="2.9448200000000004">
    <ele>33.79</ele>
   </trkpt>
   <trkpt lat="41.73655" lon="2.9448200000000004">
    <ele>40.510000000000005</ele>
   </trkpt>
   <trkpt lat="41.7368" lon="2.9445300000000003">
    <ele>42.92000000000001</ele>
   </trkpt>
   <trkpt lat="41.736940000000004" lon="2.94431">
    <ele>43.56</ele>
   </trkpt>
   <trkpt lat="41.73691" lon="2.94417">
    <ele>43.160000000000004</ele>
   </trkpt>
   <trkpt lat="41.73657" lon="2.94424">
    <ele>40.620000000000005</ele>
   </trkpt>
   <trkpt lat="41.736270000000005" lon="2.9440700000000004">
    <ele>41.050000000000004</ele>
   </trkpt>
   <trkpt lat="41.736140000000006" lon="2.9443">
    <ele>38.8</ele>
   </trkpt>
   <trkpt lat="41.735960000000006" lon="2.9446800000000004">
    <ele>37.05</ele>
   </trkpt>
   <trkpt lat="41.73583" lon="2.9451">
    <ele>35.67</ele>
   </trkpt>
   <trkpt lat="41.735820000000004" lon="2.9458">
    <ele>34.0</ele>
   </trkpt>
   <trkpt lat="41.735420000000005" lon="2.94647">
    <ele>33.56</ele>
   </trkpt>
   <trkpt lat="41.735285006088496" lon="2.9476550024805808">
    <ele>29.300000000000004</ele>
   </trkpt>
   <trkpt lat="41.735150000000004" lon="2.94884">
    <ele>28.23</ele>
   </trkpt>
   <trkpt lat="41.734700000000004" lon="2.94945">
    <ele>31.42</ele>
   </trkpt>
   <trkpt lat="41.734500000000004" lon="2.94993">
    <ele>30.660000000000004</ele>
   </trkpt>
   <trkpt lat="41.73397000000001" lon="2.9505500000000002">
    <ele>29.94</ele>
   </trkpt>
   <trkpt lat="41.73357" lon="2.9505800000000004">
    <ele>30.050000000000004</ele>
   </trkpt>
   <trkpt lat="41.73315" lon="2.9507700000000003">
    <ele>25.910000000000004</ele>
   </trkpt>
   <trkpt lat="41.73362000033383" lon="2.950580001318595">
    <ele>30.160000000000004</ele>
   </trkpt>
   <trkpt lat="41.73409" lon="2.95039">
    <ele>30.140000000000004</ele>
   </trkpt>
   <trkpt lat="41.73456" lon="2.9497700000000004">
    <ele>31.37</ele>
   </trkpt>
   <trkpt lat="41.73501" lon="2.9490200000000004">
    <ele>29.05</ele>
   </trkpt>
   <trkpt lat="41.735200000000006" lon="2.9483900000000003">
    <ele>27.76</ele>
   </trkpt>
   <trkpt lat="41.7352950030174" lon="2.9475550012797997">
    <ele>29.220000000000002</ele>
   </trkpt>
   <trkpt lat="41.73539" lon="2.9467200000000005">
    <ele>32.080000000000005</ele>
   </trkpt>
   <trkpt lat="41.73568" lon="2.9460300000000004">
    <ele>33.78</ele>
   </trkpt>
   <trkpt lat="41.735870002635316" lon="2.9452450024711663">
    <ele>34.980000000000004</ele>
   </trkpt>
   <trkpt lat="41.73606" lon="2.9444600000000003">
    <ele>38.040000000000006</ele>
   </trkpt>
   <trkpt lat="41.736360000000005" lon="2.9441200000000003">
    <ele>40.35</ele>
   </trkpt>
   <trkpt lat="41.73671" lon="2.9442100000000004">
    <ele>41.78</ele>
   </trkpt>
   <trkpt lat="41.73693" lon="2.94431">
    <ele>43.56</ele>
   </trkpt>
   <trkpt lat="41.736380000000004" lon="2.94504">
    <ele>38.56</ele>
   </trkpt>
   <trkpt lat="41.73639" lon="2.94504">
    <ele>33.67</ele>
   </trkpt>
   <trkpt lat="41.736320000000006" lon="2.9451400000000003">
    <ele>33.67</ele>
   </trkpt>
   <trkpt lat="41.73628" lon="2.94524">
    <ele>33.49</ele>
   </trkpt>
   <trkpt lat="41.73631" lon="2.9454900000000004">
    <ele>33.49</ele>
   </trkpt>
   <trkpt lat="41.73644" lon="2.9461000000000004">
    <ele>34.800000000000004</ele>
   </trkpt>
   <trkpt lat="41.73644" lon="2.9462900000000003">
    <ele>35.74</ele>
   </trkpt>
   <trkpt lat="41.736380000000004" lon="2.94653">
    <ele>36.86000000000001</ele>
   </trkpt>
   <trkpt lat="41.73637" lon="2.9466300000000003">
    <ele>37.37</ele>
   </trkpt>
   <trkpt lat="41.7364" lon="2.9468300000000003">
    <ele>38.25000000000001</ele>
   </trkpt>
   <trkpt lat="41.73644" lon="2.94687">
    <ele>38.25000000000001</ele>
   </trkpt>
   <trkpt lat="41.73653" lon="2.9469200000000004">
    <ele>39.25</ele>
   </trkpt>
   <trkpt lat="41.736900000000006" lon="2.9468400000000003">
    <ele>40.53</ele>
   </trkpt>
   <trkpt lat="41.73696" lon="2.94686">
    <ele>41.09</ele>
   </trkpt>
   <trkpt lat="41.737080000000006" lon="2.94694">
    <ele>41.09</ele>
   </trkpt>
   <trkpt lat="41.737140000000004" lon="2.9470500000000004">
    <ele>41.79</ele>
   </trkpt>
   <trkpt lat="41.73715000000001" lon="2.9471900000000004">
    <ele>42.510000000000005</ele>
   </trkpt>
   <trkpt lat="41.73713" lon="2.9474600000000004">
    <ele>43.050000000000004</ele>
   </trkpt>
   <trkpt lat="41.73715000000001" lon="2.94762">
    <ele>45.64000000000001</ele>
   </trkpt>
   <trkpt lat="41.737300000000005" lon="2.94796">
    <ele>46.63</ele>
   </trkpt>
   <trkpt lat="41.73733" lon="2.9481300000000004">
    <ele>48.010000000000005</ele>
   </trkpt>
   <trkpt lat="41.73731" lon="2.94824">
    <ele>48.010000000000005</ele>
   </trkpt>
   <trkpt lat="41.737230000000004" lon="2.9484600000000003">
    <ele>50.230000000000004</ele>
   </trkpt>
   <trkpt lat="41.737100000000005" lon="2.94871">
    <ele>50.230000000000004</ele>
   </trkpt>
   <trkpt lat="41.73705" lon="2.94877">
    <ele>52.370000000000005</ele>
   </trkpt>
   <trkpt lat="41.73689" lon="2.9488700000000003">
    <ele>52.370000000000005</ele>
   </trkpt>
   <trkpt lat="41.7368" lon="2.94898">
    <ele>54.580000000000005</ele>
   </trkpt>
   <trkpt lat="41.73675" lon="2.9491400000000003">
    <ele>54.580000000000005</ele>
   </trkpt>
   <trkpt lat="41.73671" lon="2.9494800000000003">
    <ele>56.260000000000005</ele>
   </trkpt>
   <trkpt lat="41.73673" lon="2.9497000000000004">
    <ele>56.81</ele>
   </trkpt>
   <trkpt lat="41.736790000000006" lon="2.9498100000000003">
    <ele>56.95</ele>
   </trkpt>
   <trkpt lat="41.736850000000004" lon="2.94987">
    <ele>57.03</ele>
   </trkpt>
   <trkpt lat="41.737230000000004" lon="2.95007">
    <ele>56.88</ele>
   </trkpt>
   <trkpt lat="41.73753000000001" lon="2.9503000000000004">
    <ele>56.0</ele>
   </trkpt>
   <trkpt lat="41.73763" lon="2.95032">
    <ele>53.910000000000004</ele>
   </trkpt>
   <trkpt lat="41.737750000000005" lon="2.9502800000000002">
    <ele>53.910000000000004</ele>
   </trkpt>
   <trkpt lat="41.737790000000004" lon="2.9502400000000004">
    <ele>53.910000000000004</ele>
   </trkpt>
   <trkpt lat="41.73785" lon="2.9501700000000004">
    <ele>53.910000000000004</ele>
   </trkpt>
   <trkpt lat="41.73801" lon="2.94987">
    <ele>52.89000000000001</ele>
   </trkpt>
   <trkpt lat="41.73809000000001" lon="2.9498">
    <ele>52.89000000000001</ele>
   </trkpt>
   <trkpt lat="41.738150000000005" lon="2.94979">
    <ele>51.160000000000004</ele>
   </trkpt>
   <trkpt lat="41.738330000000005" lon="2.9498400000000005">
    <ele>51.160000000000004</ele>
   </trkpt>
   <trkpt lat="41.7383" lon="2.9498300000000004">
    <ele>51.04</ele>
   </trkpt>
   <trkpt lat="41.738550000000004" lon="2.94991">
    <ele>50.120000000000005</ele>
   </trkpt>
   <trkpt lat="41.738710000000005" lon="2.94987">
    <ele>49.63000000000001</ele>
   </trkpt>
   <trkpt lat="41.738890000000005" lon="2.94979">
    <ele>48.57</ele>
   </trkpt>
   <trkpt lat="41.738980000000005" lon="2.94978">
    <ele>48.57</ele>
   </trkpt>
   <trkpt lat="41.73904" lon="2.9498200000000003">
    <ele>48.21</ele>
   </trkpt>
   <trkpt lat="41.739110000000004" lon="2.95">
    <ele>47.760000000000005</ele>
   </trkpt>
   <trkpt lat="41.739140000000006" lon="2.95039">
    <ele>46.42</ele>
   </trkpt>
   <trkpt lat="41.739200000000004" lon="2.9505700000000004">
    <ele>44.660000000000004</ele>
   </trkpt>
   <trkpt lat="41.739270000000005" lon="2.95067">
    <ele>44.660000000000004</ele>
   </trkpt>
   <trkpt lat="41.739340000000006" lon="2.9507200000000005">
    <ele>43.620000000000005</ele>
   </trkpt>
   <trkpt lat="41.73951" lon="2.95068">
    <ele>42.75</ele>
   </trkpt>
   <trkpt lat="41.739650000000005" lon="2.95061">
    <ele>40.580000000000005</ele>
   </trkpt>
   <trkpt lat="41.74004" lon="2.9500900000000003">
    <ele>38.49</ele>
   </trkpt>
   <trkpt lat="41.74011" lon="2.9500300000000004">
    <ele>38.21</ele>
   </trkpt>
   <trkpt lat="41.74018" lon="2.9500100000000002">
    <ele>38.21</ele>
   </trkpt>
   <trkpt lat="41.740280000000006" lon="2.95005">
    <ele>38.1</ele>
   </trkpt>
   <trkpt lat="41.74051" lon="2.9502200000000003">
    <ele>37.82000000000001</ele>
   </trkpt>
   <trkpt lat="41.740550000000006" lon="2.95034">
    <ele>37.69</ele>
   </trkpt>
   <trkpt lat="41.740550000000006" lon="2.9504500000000005">
    <ele>37.59</ele>
   </trkpt>
   <trkpt lat="41.740520000000004" lon="2.95054">
    <ele>37.53</ele>
   </trkpt>
   <trkpt lat="41.74022" lon="2.9510600000000005">
    <ele>38.38</ele>
   </trkpt>
   <trkpt lat="41.73996" lon="2.95163">
    <ele>39.88</ele>
   </trkpt>
   <trkpt lat="41.739940000000004" lon="2.9517300000000004">
    <ele>41.68</ele>
   </trkpt>
   <trkpt lat="41.73993" lon="2.9519900000000003">
    <ele>42.11</ele>
   </trkpt>
   <trkpt lat="41.740030000000004" lon="2.95242">
    <ele>43.910000000000004</ele>
   </trkpt>
   <trkpt lat="41.74002" lon="2.9525300000000003">
    <ele>44.78</ele>
   </trkpt>
   <trkpt lat="41.73995" lon="2.95262">
    <ele>45.43000000000001</ele>
   </trkpt>
   <trkpt lat="41.73991" lon="2.95264">
    <ele>45.43000000000001</ele>
   </trkpt>
   <trkpt lat="41.739830000000005" lon="2.95265">
    <ele>45.43000000000001</ele>
   </trkpt>
   <trkpt lat="41.739540000000005" lon="2.9523800000000002">
    <ele>47.24</ele>
   </trkpt>
   <trkpt lat="41.739360000000005" lon="2.9522600000000003">
    <ele>50.660000000000004</ele>
   </trkpt>
   <trkpt lat="41.739290000000004" lon="2.95223">
    <ele>50.660000000000004</ele>
   </trkpt>
   <trkpt lat="41.739000000000004" lon="2.9521900000000003">
    <ele>51.96000000000001</ele>
   </trkpt>
   <trkpt lat="41.73863" lon="2.9520700000000004">
    <ele>55.61000000000001</ele>
   </trkpt>
   <trkpt lat="41.73857" lon="2.95209">
    <ele>56.290000000000006</ele>
   </trkpt>
   <trkpt lat="41.73852" lon="2.95215">
    <ele>56.290000000000006</ele>
   </trkpt>
   <trkpt lat="41.7385" lon="2.9523">
    <ele>57.35</ele>
   </trkpt>
   <trkpt lat="41.73854" lon="2.9525500000000005">
    <ele>58.190000000000005</ele>
   </trkpt>
   <trkpt lat="41.73868" lon="2.9531600000000005">
    <ele>60.43000000000001</ele>
   </trkpt>
   <trkpt lat="41.73881" lon="2.95351">
    <ele>62.09</ele>
   </trkpt>
   <trkpt lat="41.73884" lon="2.95365">
    <ele>63.44000000000001</ele>
   </trkpt>
   <trkpt lat="41.738820000000004" lon="2.95414">
    <ele>67.43</ele>
   </trkpt>
   <trkpt lat="41.73888" lon="2.95454">
    <ele>67.43</ele>
   </trkpt>
   <trkpt lat="41.73883" lon="2.9549000000000003">
    <ele>68.99000000000001</ele>
   </trkpt>
   <trkpt lat="41.738690000000005" lon="2.9549200000000004">
    <ele>69.09000000000002</ele>
   </trkpt>
   <trkpt lat="41.73854" lon="2.955">
    <ele>68.92</ele>
   </trkpt>
   <trkpt lat="41.73852" lon="2.95513">
    <ele>66.77000000000001</ele>
   </trkpt>
   <trkpt lat="41.73856000000001" lon="2.95535">
    <ele>66.77000000000001</ele>
   </trkpt>
   <trkpt lat="41.738530000000004" lon="2.95568">
    <ele>60.65</ele>
   </trkpt>
   <trkpt lat="41.73841" lon="2.9558000000000004">
    <ele>59.03000000000001</ele>
   </trkpt>
   <trkpt lat="41.738350000000004" lon="2.9560500000000003">
    <ele>57.050000000000004</ele>
   </trkpt>
   <trkpt lat="41.73821" lon="2.9563300000000003">
    <ele>54.78</ele>
   </trkpt>
   <trkpt lat="41.737860000000005" lon="2.95683">
    <ele>51.800000000000004</ele>
   </trkpt>
   <trkpt lat="41.737730000000006" lon="2.9571500000000004">
    <ele>51.690000000000005</ele>
   </trkpt>
   <trkpt lat="41.73756" lon="2.9573300000000002">
    <ele>52.550000000000004</ele>
   </trkpt>
   <trkpt lat="41.737480000000005" lon="2.95745">
    <ele>52.75000000000001</ele>
   </trkpt>
   <trkpt lat="41.737390000000005" lon="2.9574800000000003">
    <ele>52.75000000000001</ele>
   </trkpt>
   <trkpt lat="41.73725" lon="2.95744">
    <ele>43.09</ele>
   </trkpt>
   <trkpt lat="41.736720000000005" lon="2.95711">
    <ele>17.580000000000002</ele>
   </trkpt>
   <trkpt lat="41.73725" lon="2.95744">
    <ele>43.09</ele>
   </trkpt>
   <trkpt lat="41.737390000000005" lon="2.9574800000000003">
    <ele>52.75000000000001</ele>
   </trkpt>
   <trkpt lat="41.737480000000005" lon="2.95745">
    <ele>52.75000000000001</ele>
   </trkpt>
   <trkpt lat="41.73756" lon="2.9573300000000002">
    <ele>52.550000000000004</ele>
   </trkpt>
   <trkpt lat="41.737730000000006" lon="2.9571500000000004">
    <ele>51.690000000000005</ele>
   </trkpt>
   <trkpt lat="41.737860000000005" lon="2.95683">
    <ele>51.800000000000004</ele>
   </trkpt>
   <trkpt lat="41.73821" lon="2.9563300000000003">
    <ele>54.78</ele>
   </trkpt>
   <trkpt lat="41.738350000000004" lon="2.9560500000000003">
    <ele>57.050000000000004</ele>
   </trkpt>
   <trkpt lat="41.73841" lon="2.9558000000000004">
    <ele>59.03000000000001</ele>
   </trkpt>
   <trkpt lat="41.738530000000004" lon="2.95568">
    <ele>60.65</ele>
   </trkpt>
   <trkpt lat="41.73856000000001" lon="2.95535">
    <ele>66.77000000000001</ele>
   </trkpt>
   <trkpt lat="41.73852" lon="2.95513">
    <ele>66.77000000000001</ele>
   </trkpt>
   <trkpt lat="41.73854" lon="2.955">
    <ele>68.92</ele>
   </trkpt>
   <trkpt lat="41.738690000000005" lon="2.9549200000000004">
    <ele>69.13000000000001</ele>
   </trkpt>
   <trkpt lat="41.73883" lon="2.9549000000000003">
    <ele>68.99000000000001</ele>
   </trkpt>
   <trkpt lat="41.738760000000006" lon="2.9553900000000004">
    <ele>71.62</ele>
   </trkpt>
   <trkpt lat="41.738730000000004" lon="2.95581">
    <ele>73.43</ele>
   </trkpt>
   <trkpt lat="41.738620000000004" lon="2.95635">
    <ele>75.37</ele>
   </trkpt>
   <trkpt lat="41.73863" lon="2.9564700000000004">
    <ele>76.06</ele>
   </trkpt>
   <trkpt lat="41.73872" lon="2.95664">
    <ele>76.06</ele>
   </trkpt>
   <trkpt lat="41.73884" lon="2.9567">
    <ele>77.54</ele>
   </trkpt>
   <trkpt lat="41.738960000000006" lon="2.95671">
    <ele>77.93</ele>
   </trkpt>
   <trkpt lat="41.739290000000004" lon="2.9564800000000004">
    <ele>79.44000000000001</ele>
   </trkpt>
   <trkpt lat="41.73935" lon="2.9564600000000003">
    <ele>79.44000000000001</ele>
   </trkpt>
   <trkpt lat="41.73944" lon="2.9564600000000003">
    <ele>79.73</ele>
   </trkpt>
   <trkpt lat="41.73950000000001" lon="2.95651">
    <ele>79.73</ele>
   </trkpt>
   <trkpt lat="41.739650000000005" lon="2.9567200000000002">
    <ele>80.55000000000001</ele>
   </trkpt>
   <trkpt lat="41.73987" lon="2.9569300000000003">
    <ele>81.42</ele>
   </trkpt>
   <trkpt lat="41.74" lon="2.9570000000000003">
    <ele>81.42</ele>
   </trkpt>
   <trkpt lat="41.74007" lon="2.9570200000000004">
    <ele>81.42</ele>
   </trkpt>
   <trkpt lat="41.74013" lon="2.9570100000000004">
    <ele>81.42</ele>
   </trkpt>
   <trkpt lat="41.74022" lon="2.95696">
    <ele>82.52000000000001</ele>
   </trkpt>
   <trkpt lat="41.74056" lon="2.9565">
    <ele>83.04</ele>
   </trkpt>
   <trkpt lat="41.740640000000006" lon="2.95644">
    <ele>83.88000000000001</ele>
   </trkpt>
   <trkpt lat="41.7409" lon="2.95636">
    <ele>83.88000000000001</ele>
   </trkpt>
   <trkpt lat="41.74139" lon="2.95616">
    <ele>84.81</ele>
   </trkpt>
   <trkpt lat="41.741460000000004" lon="2.95617">
    <ele>85.33</ele>
   </trkpt>
   <trkpt lat="41.74152" lon="2.9562100000000004">
    <ele>85.33</ele>
   </trkpt>
   <trkpt lat="41.74157" lon="2.9562700000000004">
    <ele>85.33</ele>
   </trkpt>
   <trkpt lat="41.74163" lon="2.9563900000000003">
    <ele>85.33</ele>
   </trkpt>
   <trkpt lat="41.741780000000006" lon="2.9568800000000004">
    <ele>86.07000000000001</ele>
   </trkpt>
   <trkpt lat="41.74177" lon="2.95705">
    <ele>86.33</ele>
   </trkpt>
   <trkpt lat="41.741690000000006" lon="2.9572900000000004">
    <ele>86.73</ele>
   </trkpt>
   <trkpt lat="41.74168" lon="2.9574200000000004">
    <ele>87.32000000000001</ele>
   </trkpt>
   <trkpt lat="41.741710000000005" lon="2.95772">
    <ele>87.73</ele>
   </trkpt>
   <trkpt lat="41.741690000000006" lon="2.95792">
    <ele>88.03000000000002</ele>
   </trkpt>
   <trkpt lat="41.74163" lon="2.9580900000000003">
    <ele>89.34</ele>
   </trkpt>
   <trkpt lat="41.74161" lon="2.9582">
    <ele>89.34</ele>
   </trkpt>
   <trkpt lat="41.74165" lon="2.9584400000000004">
    <ele>90.21000000000001</ele>
   </trkpt>
   <trkpt lat="41.7417" lon="2.9586200000000002">
    <ele>90.36000000000001</ele>
   </trkpt>
   <trkpt lat="41.74175" lon="2.9587000000000003">
    <ele>90.58000000000001</ele>
   </trkpt>
   <trkpt lat="41.74179" lon="2.95873">
    <ele>90.66</ele>
   </trkpt>
   <trkpt lat="41.74208" lon="2.9588">
    <ele>90.76</ele>
   </trkpt>
   <trkpt lat="41.74217" lon="2.95881">
    <ele>90.76</ele>
   </trkpt>
   <trkpt lat="41.74224" lon="2.9588">
    <ele>90.66</ele>
   </trkpt>
   <trkpt lat="41.7426" lon="2.9584900000000003">
    <ele>90.77</ele>
   </trkpt>
   <trkpt lat="41.742720000000006" lon="2.95847">
    <ele>90.9</ele>
   </trkpt>
   <trkpt lat="41.74282" lon="2.95853">
    <ele>91.13</ele>
   </trkpt>
   <trkpt lat="41.74293" lon="2.9586900000000003">
    <ele>91.81</ele>
   </trkpt>
   <trkpt lat="41.742990000000006" lon="2.95894">
    <ele>91.81</ele>
   </trkpt>
   <trkpt lat="41.743050000000004" lon="2.9593900000000004">
    <ele>94.58000000000001</ele>
   </trkpt>
   <trkpt lat="41.743050000000004" lon="2.95969">
    <ele>95.29</ele>
   </trkpt>
   <trkpt lat="41.74304" lon="2.95996">
    <ele>96.19000000000001</ele>
   </trkpt>
   <trkpt lat="41.743100000000005" lon="2.96031">
    <ele>97.34</ele>
   </trkpt>
   <trkpt lat="41.743190000000006" lon="2.96049">
    <ele>97.34</ele>
   </trkpt>
   <trkpt lat="41.74342" lon="2.96085">
    <ele>99.84</ele>
   </trkpt>
   <trkpt lat="41.74347" lon="2.9609">
    <ele>99.84</ele>
   </trkpt>
   <trkpt lat="41.74354" lon="2.9609300000000003">
    <ele>100.22</ele>
   </trkpt>
   <trkpt lat="41.74362" lon="2.9609500000000004">
    <ele>100.74000000000001</ele>
   </trkpt>
   <trkpt lat="41.743730000000006" lon="2.9609500000000004">
    <ele>100.74000000000001</ele>
   </trkpt>
   <trkpt lat="41.743860000000005" lon="2.9609300000000003">
    <ele>101.36</ele>
   </trkpt>
   <trkpt lat="41.744260000000004" lon="2.9608200000000005">
    <ele>103.24000000000001</ele>
   </trkpt>
   <trkpt lat="41.744350000000004" lon="2.9608100000000004">
    <ele>103.24000000000001</ele>
   </trkpt>
   <trkpt lat="41.744460000000004" lon="2.96084">
    <ele>103.57000000000001</ele>
   </trkpt>
   <trkpt lat="41.74459" lon="2.96104">
    <ele>104.16</ele>
   </trkpt>
   <trkpt lat="41.74488" lon="2.9616100000000003">
    <ele>106.89000000000001</ele>
   </trkpt>
   <trkpt lat="41.745390001974556" lon="2.96226999486889">
    <ele>109.50000000000001</ele>
   </trkpt>
   <trkpt lat="41.745900000000006" lon="2.96293">
    <ele>109.92</ele>
   </trkpt>
   <trkpt lat="41.746" lon="2.9629800000000004">
    <ele>109.76</ele>
   </trkpt>
   <trkpt lat="41.74604" lon="2.9629700000000003">
    <ele>109.76</ele>
   </trkpt>
   <trkpt lat="41.74616" lon="2.9628500000000004">
    <ele>107.57000000000001</ele>
   </trkpt>
   <trkpt lat="41.746520000000004" lon="2.96226">
    <ele>104.01</ele>
   </trkpt>
   <trkpt lat="41.7466" lon="2.9620400000000005">
    <ele>103.19</ele>
   </trkpt>
   <trkpt lat="41.746700000000004" lon="2.96192">
    <ele>102.14</ele>
   </trkpt>
   <trkpt lat="41.74676" lon="2.9619000000000004">
    <ele>102.14</ele>
   </trkpt>
   <trkpt lat="41.747080000000004" lon="2.9619400000000002">
    <ele>100.88000000000001</ele>
   </trkpt>
   <trkpt lat="41.747150000000005" lon="2.9619400000000002">
    <ele>99.18</ele>
   </trkpt>
   <trkpt lat="41.74721" lon="2.96192">
    <ele>99.18</ele>
   </trkpt>
   <trkpt lat="41.74725" lon="2.9618900000000004">
    <ele>99.18</ele>
   </trkpt>
   <trkpt lat="41.74747000000001" lon="2.96157">
    <ele>97.28</ele>
   </trkpt>
   <trkpt lat="41.74754" lon="2.9613500000000004">
    <ele>96.69000000000001</ele>
   </trkpt>
   <trkpt lat="41.74752" lon="2.9612600000000002">
    <ele>96.69000000000001</ele>
   </trkpt>
   <trkpt lat="41.74726000119319" lon="2.9607449980002594">
    <ele>92.46000000000001</ele>
   </trkpt>
   <trkpt lat="41.747" lon="2.96023">
    <ele>90.32000000000001</ele>
   </trkpt>
   <trkpt lat="41.74698" lon="2.9600500000000003">
    <ele>89.37</ele>
   </trkpt>
   <trkpt lat="41.747" lon="2.95995">
    <ele>88.63</ele>
   </trkpt>
   <trkpt lat="41.747040000000005" lon="2.9598600000000004">
    <ele>88.63</ele>
   </trkpt>
   <trkpt lat="41.747130000000006" lon="2.9597800000000003">
    <ele>87.35000000000001</ele>
   </trkpt>
   <trkpt lat="41.747260000000004" lon="2.95974">
    <ele>87.35000000000001</ele>
   </trkpt>
   <trkpt lat="41.747530000000005" lon="2.95976">
    <ele>85.70000000000002</ele>
   </trkpt>
   <trkpt lat="41.74759" lon="2.95975">
    <ele>85.18</ele>
   </trkpt>
   <trkpt lat="41.74772" lon="2.9596600000000004">
    <ele>85.18</ele>
   </trkpt>
   <trkpt lat="41.74781" lon="2.9595300000000004">
    <ele>83.02000000000001</ele>
   </trkpt>
   <trkpt lat="41.747840000000004" lon="2.9591000000000003">
    <ele>81.75</ele>
   </trkpt>
   <trkpt lat="41.747890000000005" lon="2.9589800000000004">
    <ele>81.75</ele>
   </trkpt>
   <trkpt lat="41.74821" lon="2.9584900000000003">
    <ele>78.61000000000001</ele>
   </trkpt>
   <trkpt lat="41.74828" lon="2.9583500000000003">
    <ele>77.78</ele>
   </trkpt>
   <trkpt lat="41.74832000000001" lon="2.9582400000000004">
    <ele>77.32</ele>
   </trkpt>
   <trkpt lat="41.748380000000004" lon="2.9578800000000003">
    <ele>75.05</ele>
   </trkpt>
   <trkpt lat="41.74837" lon="2.95745">
    <ele>74.2</ele>
   </trkpt>
   <trkpt lat="41.74841000000001" lon="2.9572900000000004">
    <ele>72.69</ele>
   </trkpt>
   <trkpt lat="41.74895" lon="2.95663">
    <ele>69.98</ele>
   </trkpt>
   <trkpt lat="41.749" lon="2.9566100000000004">
    <ele>69.98</ele>
   </trkpt>
   <trkpt lat="41.74906" lon="2.9566100000000004">
    <ele>69.98</ele>
   </trkpt>
   <trkpt lat="41.74915" lon="2.9566700000000004">
    <ele>69.88000000000001</ele>
   </trkpt>
   <trkpt lat="41.749230000000004" lon="2.9568200000000004">
    <ele>69.8</ele>
   </trkpt>
   <trkpt lat="41.74935000000001" lon="2.95717">
    <ele>70.14</ele>
   </trkpt>
   <trkpt lat="41.74942" lon="2.9572700000000003">
    <ele>70.14</ele>
   </trkpt>
   <trkpt lat="41.749480000000005" lon="2.95732">
    <ele>70.19</ele>
   </trkpt>
   <trkpt lat="41.74958" lon="2.9573600000000004">
    <ele>70.10000000000001</ele>
   </trkpt>
   <trkpt lat="41.74967" lon="2.9573500000000004">
    <ele>69.96000000000001</ele>
   </trkpt>
   <trkpt lat="41.750040000000006" lon="2.95719">
    <ele>69.13000000000001</ele>
   </trkpt>
   <trkpt lat="41.75011000000001" lon="2.95719">
    <ele>69.13000000000001</ele>
   </trkpt>
   <trkpt lat="41.75016" lon="2.9572100000000003">
    <ele>68.79</ele>
   </trkpt>
   <trkpt lat="41.750220000000006" lon="2.9572900000000004">
    <ele>68.79</ele>
   </trkpt>
   <trkpt lat="41.75025" lon="2.9574200000000004">
    <ele>68.61</ele>
   </trkpt>
   <trkpt lat="41.750220000000006" lon="2.95757">
    <ele>68.62</ele>
   </trkpt>
   <trkpt lat="41.7501" lon="2.9577400000000003">
    <ele>68.77000000000001</ele>
   </trkpt>
   <trkpt lat="41.749950000000005" lon="2.9578900000000004">
    <ele>69.13000000000001</ele>
   </trkpt>
   <trkpt lat="41.749750000000006" lon="2.958">
    <ele>69.82000000000001</ele>
   </trkpt>
   <trkpt lat="41.749700000000004" lon="2.95807">
    <ele>70.05</ele>
   </trkpt>
   <trkpt lat="41.749590000000005" lon="2.9584200000000003">
    <ele>70.63000000000001</ele>
   </trkpt>
   <trkpt lat="41.749520000000004" lon="2.95887">
    <ele>72.17000000000002</ele>
   </trkpt>
   <trkpt lat="41.749520000000004" lon="2.95915">
    <ele>72.17000000000002</ele>
   </trkpt>
   <trkpt lat="41.7496" lon="2.95954">
    <ele>75.64000000000001</ele>
   </trkpt>
   <trkpt lat="41.74965" lon="2.95969">
    <ele>75.64000000000001</ele>
   </trkpt>
   <trkpt lat="41.749770000000005" lon="2.95982">
    <ele>77.30000000000001</ele>
   </trkpt>
   <trkpt lat="41.750020000000006" lon="2.9598500000000003">
    <ele>78.65</ele>
   </trkpt>
   <trkpt lat="41.75016" lon="2.9599200000000003">
    <ele>78.94000000000001</ele>
   </trkpt>
   <trkpt lat="41.750400000000006" lon="2.9602700000000004">
    <ele>80.89</ele>
   </trkpt>
   <trkpt lat="41.750460000000004" lon="2.96043">
    <ele>84.05000000000001</ele>
   </trkpt>
   <trkpt lat="41.75047" lon="2.96058">
    <ele>84.05000000000001</ele>
   </trkpt>
   <trkpt lat="41.750440000000005" lon="2.9606800000000004">
    <ele>84.05000000000001</ele>
   </trkpt>
   <trkpt lat="41.750370000000004" lon="2.96077">
    <ele>85.42</ele>
   </trkpt>
   <trkpt lat="41.75014" lon="2.9609">
    <ele>87.41</ele>
   </trkpt>
   <trkpt lat="41.75001" lon="2.9610600000000002">
    <ele>88.66</ele>
   </trkpt>
   <trkpt lat="41.74996" lon="2.96119">
    <ele>89.55</ele>
   </trkpt>
   <trkpt lat="41.749950000000005" lon="2.9613600000000004">
    <ele>90.12</ele>
   </trkpt>
   <trkpt lat="41.749990000000004" lon="2.9615">
    <ele>90.93</ele>
   </trkpt>
   <trkpt lat="41.75011000000001" lon="2.96172">
    <ele>90.93</ele>
   </trkpt>
   <trkpt lat="41.750600000000006" lon="2.96233">
    <ele>95.85000000000001</ele>
   </trkpt>
   <trkpt lat="41.75065" lon="2.9624400000000004">
    <ele>96.36</ele>
   </trkpt>
   <trkpt lat="41.75065" lon="2.96259">
    <ele>97.2</ele>
   </trkpt>
   <trkpt lat="41.75061" lon="2.96268">
    <ele>97.2</ele>
   </trkpt>
   <trkpt lat="41.750420000000005" lon="2.9629600000000003">
    <ele>98.22</ele>
   </trkpt>
   <trkpt lat="41.75036" lon="2.9631100000000004">
    <ele>98.96000000000001</ele>
   </trkpt>
   <trkpt lat="41.75034" lon="2.9632600000000004">
    <ele>98.96000000000001</ele>
   </trkpt>
   <trkpt lat="41.75036" lon="2.96347">
    <ele>100.74000000000001</ele>
   </trkpt>
   <trkpt lat="41.750510000000006" lon="2.96396">
    <ele>102.38000000000001</ele>
   </trkpt>
   <trkpt lat="41.75066" lon="2.9642500000000003">
    <ele>103.73</ele>
   </trkpt>
   <trkpt lat="41.750820000000004" lon="2.96442">
    <ele>105.57000000000001</ele>
   </trkpt>
   <trkpt lat="41.7509" lon="2.9645500000000005">
    <ele>105.57000000000001</ele>
   </trkpt>
   <trkpt lat="41.75104" lon="2.9649900000000002">
    <ele>107.73</ele>
   </trkpt>
   <trkpt lat="41.75106" lon="2.96525">
    <ele>109.28</ele>
   </trkpt>
   <trkpt lat="41.75103" lon="2.9654100000000003">
    <ele>109.28</ele>
   </trkpt>
   <trkpt lat="41.75083" lon="2.96592">
    <ele>112.10000000000001</ele>
   </trkpt>
   <trkpt lat="41.750780000000006" lon="2.96598">
    <ele>112.94000000000001</ele>
   </trkpt>
   <trkpt lat="41.75067000000001" lon="2.96605">
    <ele>113.55000000000001</ele>
   </trkpt>
   <trkpt lat="41.75059" lon="2.96607">
    <ele>114.22000000000001</ele>
   </trkpt>
   <trkpt lat="41.75043" lon="2.96614">
    <ele>115.26000000000002</ele>
   </trkpt>
   <trkpt lat="41.75039" lon="2.9662100000000002">
    <ele>115.26000000000002</ele>
   </trkpt>
   <trkpt lat="41.75039" lon="2.9662900000000003">
    <ele>116.71000000000001</ele>
   </trkpt>
   <trkpt lat="41.75045" lon="2.9664400000000004">
    <ele>116.71000000000001</ele>
   </trkpt>
   <trkpt lat="41.750780000000006" lon="2.9668400000000004">
    <ele>119.88000000000001</ele>
   </trkpt>
   <trkpt lat="41.75108" lon="2.96742">
    <ele>121.14000000000001</ele>
   </trkpt>
   <trkpt lat="41.75119" lon="2.9676000000000005">
    <ele>120.84</ele>
   </trkpt>
   <trkpt lat="41.75135" lon="2.9678000000000004">
    <ele>120.26</ele>
   </trkpt>
   <trkpt lat="41.751400000000004" lon="2.96783">
    <ele>120.26</ele>
   </trkpt>
   <trkpt lat="41.751490000000004" lon="2.96783">
    <ele>119.74000000000001</ele>
   </trkpt>
   <trkpt lat="41.7516" lon="2.9677800000000003">
    <ele>119.17000000000002</ele>
   </trkpt>
   <trkpt lat="41.75166" lon="2.9677000000000002">
    <ele>118.99000000000001</ele>
   </trkpt>
   <trkpt lat="41.751830000000005" lon="2.9671000000000003">
    <ele>116.56</ele>
   </trkpt>
   <trkpt lat="41.75193" lon="2.9668900000000002">
    <ele>114.29</ele>
   </trkpt>
   <trkpt lat="41.75217000000001" lon="2.9665000000000004">
    <ele>111.94000000000001</ele>
   </trkpt>
   <trkpt lat="41.752190000000006" lon="2.9664200000000003">
    <ele>111.94000000000001</ele>
   </trkpt>
   <trkpt lat="41.752210000000005" lon="2.9661000000000004">
    <ele>110.37</ele>
   </trkpt>
   <trkpt lat="41.752390000000005" lon="2.96565">
    <ele>108.10000000000001</ele>
   </trkpt>
   <trkpt lat="41.752430000000004" lon="2.96557">
    <ele>106.86000000000001</ele>
   </trkpt>
   <trkpt lat="41.75254" lon="2.9654300000000005">
    <ele>106.86000000000001</ele>
   </trkpt>
   <trkpt lat="41.752610000000004" lon="2.96538">
    <ele>105.26</ele>
   </trkpt>
   <trkpt lat="41.75273000000001" lon="2.96537">
    <ele>105.26</ele>
   </trkpt>
   <trkpt lat="41.752810000000004" lon="2.96538">
    <ele>105.26</ele>
   </trkpt>
   <trkpt lat="41.753" lon="2.96546">
    <ele>104.02000000000001</ele>
   </trkpt>
   <trkpt lat="41.75309" lon="2.96544">
    <ele>102.73</ele>
   </trkpt>
   <trkpt lat="41.75318" lon="2.9653300000000002">
    <ele>102.73</ele>
   </trkpt>
   <trkpt lat="41.753370000000004" lon="2.9650100000000004">
    <ele>100.36</ele>
   </trkpt>
   <trkpt lat="41.753440000000005" lon="2.9649300000000003">
    <ele>99.79</ele>
   </trkpt>
   <trkpt lat="41.75352" lon="2.9649">
    <ele>99.79</ele>
   </trkpt>
   <trkpt lat="41.753600000000006" lon="2.96489">
    <ele>99.79</ele>
   </trkpt>
   <trkpt lat="41.753690000000006" lon="2.96492">
    <ele>97.94000000000001</ele>
   </trkpt>
   <trkpt lat="41.753980000000006" lon="2.9651300000000003">
    <ele>94.72000000000001</ele>
   </trkpt>
   <trkpt lat="41.75404" lon="2.9651500000000004">
    <ele>94.72000000000001</ele>
   </trkpt>
   <trkpt lat="41.754110000000004" lon="2.9651500000000004">
    <ele>94.72000000000001</ele>
   </trkpt>
   <trkpt lat="41.75424" lon="2.9650900000000004">
    <ele>94.72000000000001</ele>
   </trkpt>
   <trkpt lat="41.75444" lon="2.9648700000000003">
    <ele>92.44000000000001</ele>
   </trkpt>
   <trkpt lat="41.75459" lon="2.9646600000000003">
    <ele>91.36000000000001</ele>
   </trkpt>
   <trkpt lat="41.754650000000005" lon="2.9645200000000003">
    <ele>91.36000000000001</ele>
   </trkpt>
   <trkpt lat="41.75466" lon="2.9643200000000003">
    <ele>89.88</ele>
   </trkpt>
   <trkpt lat="41.75462" lon="2.96375">
    <ele>87.06000000000002</ele>
   </trkpt>
   <trkpt lat="41.75473" lon="2.96335">
    <ele>85.42</ele>
   </trkpt>
   <trkpt lat="41.75477" lon="2.9632600000000004">
    <ele>85.42</ele>
   </trkpt>
   <trkpt lat="41.754870000000004" lon="2.96313">
    <ele>83.33</ele>
   </trkpt>
   <trkpt lat="41.75497" lon="2.96306">
    <ele>83.33</ele>
   </trkpt>
   <trkpt lat="41.75524" lon="2.96293">
    <ele>81.5</ele>
   </trkpt>
   <trkpt lat="41.75545" lon="2.9628500000000004">
    <ele>80.02000000000001</ele>
   </trkpt>
   <trkpt lat="41.75556" lon="2.9628400000000004">
    <ele>79.63000000000001</ele>
   </trkpt>
   <trkpt lat="41.75564000000001" lon="2.9628500000000004">
    <ele>79.46000000000001</ele>
   </trkpt>
   <trkpt lat="41.755770000000005" lon="2.9629000000000003">
    <ele>79.06</ele>
   </trkpt>
   <trkpt lat="41.75585" lon="2.9629900000000005">
    <ele>79.01</ele>
   </trkpt>
   <trkpt lat="41.75589" lon="2.9631100000000004">
    <ele>79.02000000000001</ele>
   </trkpt>
   <trkpt lat="41.755880000000005" lon="2.9634400000000003">
    <ele>79.26</ele>
   </trkpt>
   <trkpt lat="41.75582" lon="2.96382">
    <ele>79.88000000000001</ele>
   </trkpt>
   <trkpt lat="41.75582" lon="2.9640000000000004">
    <ele>79.88000000000001</ele>
   </trkpt>
   <trkpt lat="41.75603" lon="2.9648700000000003">
    <ele>82.13000000000001</ele>
   </trkpt>
   <trkpt lat="41.75607" lon="2.9651400000000003">
    <ele>83.34</ele>
   </trkpt>
   <trkpt lat="41.756060000000005" lon="2.9653500000000004">
    <ele>83.34</ele>
   </trkpt>
   <trkpt lat="41.75598" lon="2.96558">
    <ele>83.91000000000001</ele>
   </trkpt>
   <trkpt lat="41.75587" lon="2.9658">
    <ele>84.81</ele>
   </trkpt>
   <trkpt lat="41.755430000000004" lon="2.9664200000000003">
    <ele>85.83</ele>
   </trkpt>
   <trkpt lat="41.755300000000005" lon="2.9666400000000004">
    <ele>86.24000000000001</ele>
   </trkpt>
   <trkpt lat="41.755230000000005" lon="2.96687">
    <ele>86.96000000000001</ele>
   </trkpt>
   <trkpt lat="41.755190000000006" lon="2.96708">
    <ele>87.17000000000002</ele>
   </trkpt>
   <trkpt lat="41.7552" lon="2.9671800000000004">
    <ele>87.17000000000002</ele>
   </trkpt>
   <trkpt lat="41.755230000000005" lon="2.96727">
    <ele>87.28000000000002</ele>
   </trkpt>
   <trkpt lat="41.75542" lon="2.96754">
    <ele>87.27</ele>
   </trkpt>
   <trkpt lat="41.75545" lon="2.96763">
    <ele>87.27</ele>
   </trkpt>
   <trkpt lat="41.75546000000001" lon="2.96788">
    <ele>87.07000000000001</ele>
   </trkpt>
   <trkpt lat="41.75549" lon="2.96796">
    <ele>87.07000000000001</ele>
   </trkpt>
   <trkpt lat="41.75558" lon="2.9680700000000004">
    <ele>87.07000000000001</ele>
   </trkpt>
   <trkpt lat="41.75571" lon="2.9681100000000002">
    <ele>87.07000000000001</ele>
   </trkpt>
   <trkpt lat="41.755810000000004" lon="2.96817">
    <ele>87.07000000000001</ele>
   </trkpt>
   <trkpt lat="41.75585" lon="2.96822">
    <ele>86.93</ele>
   </trkpt>
   <trkpt lat="41.755900000000004" lon="2.9684000000000004">
    <ele>86.93</ele>
   </trkpt>
   <trkpt lat="41.75594" lon="2.9686700000000004">
    <ele>86.93</ele>
   </trkpt>
   <trkpt lat="41.755930000000006" lon="2.96891">
    <ele>86.85000000000001</ele>
   </trkpt>
   <trkpt lat="41.75585" lon="2.9691400000000003">
    <ele>86.83</ele>
   </trkpt>
   <trkpt lat="41.75573000000001" lon="2.9693500000000004">
    <ele>86.86</ele>
   </trkpt>
   <trkpt lat="41.75571" lon="2.96952">
    <ele>86.86</ele>
   </trkpt>
   <trkpt lat="41.75574" lon="2.9696800000000003">
    <ele>86.86</ele>
   </trkpt>
   <trkpt lat="41.755810000000004" lon="2.96978">
    <ele>86.86</ele>
   </trkpt>
   <trkpt lat="41.75602000000001" lon="2.9700100000000003">
    <ele>86.96000000000001</ele>
   </trkpt>
   <trkpt lat="41.75607" lon="2.97013">
    <ele>86.96000000000001</ele>
   </trkpt>
   <trkpt lat="41.75602000000001" lon="2.9705800000000004">
    <ele>86.88000000000001</ele>
   </trkpt>
   <trkpt lat="41.75603" lon="2.9709100000000004">
    <ele>87.19</ele>
   </trkpt>
   <trkpt lat="41.75616" lon="2.9714">
    <ele>88.05</ele>
   </trkpt>
   <trkpt lat="41.75616" lon="2.97156">
    <ele>88.48</ele>
   </trkpt>
   <trkpt lat="41.756" lon="2.97217">
    <ele>90.46000000000001</ele>
   </trkpt>
   <trkpt lat="41.755880000000005" lon="2.97228">
    <ele>90.46000000000001</ele>
   </trkpt>
   <trkpt lat="41.755210000000005" lon="2.9726600000000003">
    <ele>94.1</ele>
   </trkpt>
   <trkpt lat="41.755160000000004" lon="2.97271">
    <ele>94.1</ele>
   </trkpt>
   <trkpt lat="41.755100000000006" lon="2.97285">
    <ele>94.26</ele>
   </trkpt>
   <trkpt lat="41.75511" lon="2.9730100000000004">
    <ele>94.55000000000001</ele>
   </trkpt>
   <trkpt lat="41.75529" lon="2.9735500000000004">
    <ele>95.71000000000001</ele>
   </trkpt>
   <trkpt lat="41.755370000000006" lon="2.97386">
    <ele>96.55000000000001</ele>
   </trkpt>
   <trkpt lat="41.755410000000005" lon="2.97392">
    <ele>96.55000000000001</ele>
   </trkpt>
   <trkpt lat="41.75551" lon="2.9739700000000004">
    <ele>96.76</ele>
   </trkpt>
   <trkpt lat="41.7556" lon="2.97398">
    <ele>96.73</ele>
   </trkpt>
   <trkpt lat="41.755810000000004" lon="2.9738700000000002">
    <ele>95.91000000000001</ele>
   </trkpt>
   <trkpt lat="41.755990000000004" lon="2.9737500000000003">
    <ele>94.74000000000001</ele>
   </trkpt>
   <trkpt lat="41.756280000000004" lon="2.97351">
    <ele>93.25000000000001</ele>
   </trkpt>
   <trkpt lat="41.756440000000005" lon="2.9734200000000004">
    <ele>93.25000000000001</ele>
   </trkpt>
   <trkpt lat="41.75668" lon="2.97338">
    <ele>90.8</ele>
   </trkpt>
   <trkpt lat="41.756890000000006" lon="2.9732700000000003">
    <ele>89.88</ele>
   </trkpt>
   <trkpt lat="41.757110000000004" lon="2.9729300000000003">
    <ele>88.67000000000002</ele>
   </trkpt>
   <trkpt lat="41.757360000000006" lon="2.9728100000000004">
    <ele>88.15</ele>
   </trkpt>
   <trkpt lat="41.757580000000004" lon="2.9726100000000004">
    <ele>87.81000000000002</ele>
   </trkpt>
   <trkpt lat="41.757650000000005" lon="2.9724500000000003">
    <ele>87.41</ele>
   </trkpt>
   <trkpt lat="41.75761000000001" lon="2.9719900000000004">
    <ele>87.20000000000002</ele>
   </trkpt>
   <trkpt lat="41.757630000000006" lon="2.97176">
    <ele>87.38000000000001</ele>
   </trkpt>
   <trkpt lat="41.757630000000006" lon="2.9714300000000002">
    <ele>88.18</ele>
   </trkpt>
   <trkpt lat="41.757670000000005" lon="2.9713100000000003">
    <ele>88.59</ele>
   </trkpt>
   <trkpt lat="41.757720000000006" lon="2.9712600000000005">
    <ele>89.07000000000001</ele>
   </trkpt>
   <trkpt lat="41.75784" lon="2.97121">
    <ele>90.12</ele>
   </trkpt>
   <trkpt lat="41.75791" lon="2.9712300000000003">
    <ele>90.12</ele>
   </trkpt>
   <trkpt lat="41.758" lon="2.97134">
    <ele>90.61000000000001</ele>
   </trkpt>
   <trkpt lat="41.758520000000004" lon="2.9721900000000003">
    <ele>95.09</ele>
   </trkpt>
   <trkpt lat="41.75873" lon="2.97284">
    <ele>98.7</ele>
   </trkpt>
   <trkpt lat="41.758860000000006" lon="2.9734100000000003">
    <ele>102.91000000000001</ele>
   </trkpt>
   <trkpt lat="41.758860000000006" lon="2.9734700000000003">
    <ele>102.91000000000001</ele>
   </trkpt>
   <trkpt lat="41.75882" lon="2.97359">
    <ele>102.91000000000001</ele>
   </trkpt>
   <trkpt lat="41.758610000000004" lon="2.9740800000000003">
    <ele>106.54</ele>
   </trkpt>
   <trkpt lat="41.758610000000004" lon="2.97446">
    <ele>109.52000000000001</ele>
   </trkpt>
   <trkpt lat="41.758480000000006" lon="2.9747600000000003">
    <ele>110.76</ele>
   </trkpt>
   <trkpt lat="41.7584" lon="2.9753200000000004">
    <ele>113.9</ele>
   </trkpt>
   <trkpt lat="41.75831" lon="2.9756400000000003">
    <ele>114.72</ele>
   </trkpt>
   <trkpt lat="41.75831" lon="2.9758000000000004">
    <ele>115.39</ele>
   </trkpt>
   <trkpt lat="41.758340000000004" lon="2.9759300000000004">
    <ele>115.56</ele>
   </trkpt>
   <trkpt lat="41.758430000000004" lon="2.97616">
    <ele>115.95</ele>
   </trkpt>
   <trkpt lat="41.75862" lon="2.97656">
    <ele>115.77000000000001</ele>
   </trkpt>
   <trkpt lat="41.758700000000005" lon="2.9766800000000004">
    <ele>115.14</ele>
   </trkpt>
   <trkpt lat="41.758860000000006" lon="2.97682">
    <ele>114.43</ele>
   </trkpt>
   <trkpt lat="41.75896" lon="2.9768800000000004">
    <ele>113.67</ele>
   </trkpt>
   <trkpt lat="41.75907" lon="2.9768800000000004">
    <ele>112.85000000000001</ele>
   </trkpt>
   <trkpt lat="41.75912" lon="2.97683">
    <ele>112.85000000000001</ele>
   </trkpt>
   <trkpt lat="41.75916" lon="2.97676">
    <ele>112.0</ele>
   </trkpt>
   <trkpt lat="41.759190000000004" lon="2.97624">
    <ele>111.41000000000001</ele>
   </trkpt>
   <trkpt lat="41.75921" lon="2.97617">
    <ele>107.12</ele>
   </trkpt>
   <trkpt lat="41.75941" lon="2.9759900000000004">
    <ele>107.12</ele>
   </trkpt>
   <trkpt lat="41.75945" lon="2.9759100000000003">
    <ele>107.12</ele>
   </trkpt>
   <trkpt lat="41.759510000000006" lon="2.97562">
    <ele>105.8</ele>
   </trkpt>
   <trkpt lat="41.75956" lon="2.9755000000000003">
    <ele>105.13000000000001</ele>
   </trkpt>
   <trkpt lat="41.75965" lon="2.9754400000000003">
    <ele>104.89000000000001</ele>
   </trkpt>
   <trkpt lat="41.759710000000005" lon="2.9754400000000003">
    <ele>104.89000000000001</ele>
   </trkpt>
   <trkpt lat="41.75995" lon="2.97554">
    <ele>103.08</ele>
   </trkpt>
   <trkpt lat="41.760000000000005" lon="2.97554">
    <ele>102.0</ele>
   </trkpt>
   <trkpt lat="41.76008" lon="2.97548">
    <ele>102.0</ele>
   </trkpt>
   <trkpt lat="41.760110000000005" lon="2.9754300000000002">
    <ele>101.5</ele>
   </trkpt>
   <trkpt lat="41.76017" lon="2.9752300000000003">
    <ele>100.09</ele>
   </trkpt>
   <trkpt lat="41.76026" lon="2.97514">
    <ele>100.09</ele>
   </trkpt>
   <trkpt lat="41.760310000000004" lon="2.97513">
    <ele>100.09</ele>
   </trkpt>
   <trkpt lat="41.76037" lon="2.97514">
    <ele>100.09</ele>
   </trkpt>
   <trkpt lat="41.76088" lon="2.97533">
    <ele>96.51</ele>
   </trkpt>
   <trkpt lat="41.76098" lon="2.97534">
    <ele>96.51</ele>
   </trkpt>
   <trkpt lat="41.761030000000005" lon="2.9753200000000004">
    <ele>96.51</ele>
   </trkpt>
   <trkpt lat="41.761100000000006" lon="2.97527">
    <ele>94.62</ele>
   </trkpt>
   <trkpt lat="41.761160000000004" lon="2.9750900000000002">
    <ele>94.62</ele>
   </trkpt>
   <trkpt lat="41.76115" lon="2.97479">
    <ele>93.71</ele>
   </trkpt>
   <trkpt lat="41.7612" lon="2.9746500000000005">
    <ele>93.24</ele>
   </trkpt>
   <trkpt lat="41.761250000000004" lon="2.97461">
    <ele>93.24</ele>
   </trkpt>
   <trkpt lat="41.76137000000001" lon="2.9745600000000003">
    <ele>93.24</ele>
   </trkpt>
   <trkpt lat="41.7618" lon="2.9745500000000002">
    <ele>88.99000000000001</ele>
   </trkpt>
   <trkpt lat="41.762040000000006" lon="2.9743600000000003">
    <ele>87.66</ele>
   </trkpt>
   <trkpt lat="41.762100000000004" lon="2.97425">
    <ele>87.66</ele>
   </trkpt>
   <trkpt lat="41.762130000000006" lon="2.9740800000000003">
    <ele>85.67</ele>
   </trkpt>
   <trkpt lat="41.762130000000006" lon="2.97399">
    <ele>85.67</ele>
   </trkpt>
   <trkpt lat="41.762040000000006" lon="2.9736000000000002">
    <ele>84.16000000000001</ele>
   </trkpt>
   <trkpt lat="41.762060000000005" lon="2.9734000000000003">
    <ele>83.49000000000001</ele>
   </trkpt>
   <trkpt lat="41.76209" lon="2.97325">
    <ele>83.06</ele>
   </trkpt>
   <trkpt lat="41.76214" lon="2.97311">
    <ele>82.25</ele>
   </trkpt>
   <trkpt lat="41.762240000000006" lon="2.9730000000000003">
    <ele>81.82000000000001</ele>
   </trkpt>
   <trkpt lat="41.7623" lon="2.97298">
    <ele>81.82000000000001</ele>
   </trkpt>
   <trkpt lat="41.762420000000006" lon="2.9730200000000004">
    <ele>81.11</ele>
   </trkpt>
   <trkpt lat="41.76277" lon="2.97345">
    <ele>79.21000000000001</ele>
   </trkpt>
   <trkpt lat="41.763040000000004" lon="2.9736900000000004">
    <ele>76.41000000000001</ele>
   </trkpt>
   <trkpt lat="41.76312" lon="2.9737000000000005">
    <ele>76.41000000000001</ele>
   </trkpt>
   <trkpt lat="41.763180000000006" lon="2.9736800000000003">
    <ele>76.41000000000001</ele>
   </trkpt>
   <trkpt lat="41.76324" lon="2.97364">
    <ele>76.04</ele>
   </trkpt>
   <trkpt lat="41.76337" lon="2.9735">
    <ele>75.35</ele>
   </trkpt>
   <trkpt lat="41.76346" lon="2.9734700000000003">
    <ele>74.97000000000001</ele>
   </trkpt>
   <trkpt lat="41.763510000000004" lon="2.9734800000000003">
    <ele>74.97000000000001</ele>
   </trkpt>
   <trkpt lat="41.76368" lon="2.97372">
    <ele>73.69</ele>
   </trkpt>
   <trkpt lat="41.76382" lon="2.97385">
    <ele>72.44</ele>
   </trkpt>
   <trkpt lat="41.76390000000001" lon="2.9739000000000004">
    <ele>72.44</ele>
   </trkpt>
   <trkpt lat="41.763980000000004" lon="2.97392">
    <ele>72.44</ele>
   </trkpt>
   <trkpt lat="41.76429" lon="2.97377">
    <ele>69.52000000000001</ele>
   </trkpt>
   <trkpt lat="41.76437000000001" lon="2.9737500000000003">
    <ele>68.91</ele>
   </trkpt>
   <trkpt lat="41.764450000000004" lon="2.9738">
    <ele>68.23</ele>
   </trkpt>
   <trkpt lat="41.76449" lon="2.97386">
    <ele>67.51</ele>
   </trkpt>
   <trkpt lat="41.76451" lon="2.97393">
    <ele>67.51</ele>
   </trkpt>
   <trkpt lat="41.764570000000006" lon="2.9743500000000003">
    <ele>65.75999999999999</ele>
   </trkpt>
   <trkpt lat="41.7646" lon="2.9744300000000004">
    <ele>65.72</ele>
   </trkpt>
   <trkpt lat="41.764520000000005" lon="2.97441">
    <ele>65.59</ele>
   </trkpt>
   <trkpt lat="41.764410000000005" lon="2.97447">
    <ele>65.07000000000001</ele>
   </trkpt>
   <trkpt lat="41.764320000000005" lon="2.97447">
    <ele>64.53</ele>
   </trkpt>
   <trkpt lat="41.76424" lon="2.9745100000000004">
    <ele>62.470000000000006</ele>
   </trkpt>
   <trkpt lat="41.764210000000006" lon="2.97461">
    <ele>62.470000000000006</ele>
   </trkpt>
   <trkpt lat="41.76413" lon="2.9747700000000004">
    <ele>60.940000000000005</ele>
   </trkpt>
   <trkpt lat="41.764" lon="2.9748400000000004">
    <ele>59.32</ele>
   </trkpt>
   <trkpt lat="41.763540000000006" lon="2.97529">
    <ele>52.67</ele>
   </trkpt>
   <trkpt lat="41.76332" lon="2.9754">
    <ele>50.64</ele>
   </trkpt>
   <trkpt lat="41.76301" lon="2.9754600000000004">
    <ele>48.77</ele>
   </trkpt>
   <trkpt lat="41.762890000000006" lon="2.9755100000000003">
    <ele>48.77</ele>
   </trkpt>
   <trkpt lat="41.76274" lon="2.97588">
    <ele>46.92</ele>
   </trkpt>
   <trkpt lat="41.76263" lon="2.9761">
    <ele>45.790000000000006</ele>
   </trkpt>
   <trkpt lat="41.762245001407145" lon="2.9766950037673783">
    <ele>42.830000000000005</ele>
   </trkpt>
   <trkpt lat="41.761860000000006" lon="2.9772900000000004">
    <ele>39.730000000000004</ele>
   </trkpt>
   <trkpt lat="41.76148667261231" lon="2.9781166762412408">
    <ele>34.28</ele>
   </trkpt>
   <trkpt lat="41.76111333929902" lon="2.978943342863397">
    <ele>29.48</ele>
   </trkpt>
   <trkpt lat="41.760740000000006" lon="2.9797700000000003">
    <ele>24.59</ele>
   </trkpt>
   <trkpt lat="41.760270000000006" lon="2.98056">
    <ele>19.650000000000002</ele>
   </trkpt>
   <trkpt lat="41.76026" lon="2.9807900000000003">
    <ele>19.040000000000003</ele>
   </trkpt>
   <trkpt lat="41.760290000000005" lon="2.98089">
    <ele>18.79</ele>
   </trkpt>
   <trkpt lat="41.76021" lon="2.98104">
    <ele>17.730000000000004</ele>
   </trkpt>
   <trkpt lat="41.760290000000005" lon="2.98089">
    <ele>18.79</ele>
   </trkpt>
   <trkpt lat="41.76026" lon="2.9807900000000003">
    <ele>19.040000000000003</ele>
   </trkpt>
   <trkpt lat="41.760270000000006" lon="2.98056">
    <ele>19.650000000000002</ele>
   </trkpt>
   <trkpt lat="41.760740000000006" lon="2.9797700000000003">
    <ele>24.59</ele>
   </trkpt>
   <trkpt lat="41.76111333923876" lon="2.978943342996842">
    <ele>29.48</ele>
   </trkpt>
   <trkpt lat="41.76148667255204" lon="2.978116676374686">
    <ele>34.28</ele>
   </trkpt>
   <trkpt lat="41.761860000000006" lon="2.9772900000000004">
    <ele>39.730000000000004</ele>
   </trkpt>
   <trkpt lat="41.76224500166259" lon="2.9766950033725985">
    <ele>42.830000000000005</ele>
   </trkpt>
   <trkpt lat="41.76263" lon="2.9761">
    <ele>45.790000000000006</ele>
   </trkpt>
   <trkpt lat="41.76274" lon="2.97588">
    <ele>46.92</ele>
   </trkpt>
   <trkpt lat="41.762890000000006" lon="2.9755100000000003">
    <ele>48.77</ele>
   </trkpt>
   <trkpt lat="41.76301" lon="2.9754600000000004">
    <ele>48.77</ele>
   </trkpt>
   <trkpt lat="41.76332" lon="2.9754">
    <ele>50.64</ele>
   </trkpt>
   <trkpt lat="41.763540000000006" lon="2.97529">
    <ele>52.67</ele>
   </trkpt>
   <trkpt lat="41.764" lon="2.9748400000000004">
    <ele>59.32</ele>
   </trkpt>
   <trkpt lat="41.76413" lon="2.9747700000000004">
    <ele>60.940000000000005</ele>
   </trkpt>
   <trkpt lat="41.764210000000006" lon="2.97461">
    <ele>62.470000000000006</ele>
   </trkpt>
   <trkpt lat="41.76427" lon="2.9746400000000004">
    <ele>62.82</ele>
   </trkpt>
   <trkpt lat="41.764450000000004" lon="2.9745500000000002">
    <ele>63.64</ele>
   </trkpt>
   <trkpt lat="41.764700000000005" lon="2.9745800000000004">
    <ele>63.65000000000001</ele>
   </trkpt>
   <trkpt lat="41.76482" lon="2.97467">
    <ele>62.46000000000001</ele>
   </trkpt>
   <trkpt lat="41.76494" lon="2.9747100000000004">
    <ele>61.63</ele>
   </trkpt>
   <trkpt lat="41.76507" lon="2.9747100000000004">
    <ele>61.120000000000005</ele>
   </trkpt>
   <trkpt lat="41.76523" lon="2.97466">
    <ele>60.31</ele>
   </trkpt>
   <trkpt lat="41.765440000000005" lon="2.97454">
    <ele>59.81</ele>
   </trkpt>
   <trkpt lat="41.765510000000006" lon="2.97453">
    <ele>59.53000000000001</ele>
   </trkpt>
   <trkpt lat="41.765570000000004" lon="2.9745500000000002">
    <ele>59.53000000000001</ele>
   </trkpt>
   <trkpt lat="41.765800000000006" lon="2.9747600000000003">
    <ele>59.830000000000005</ele>
   </trkpt>
   <trkpt lat="41.765840000000004" lon="2.97494">
    <ele>59.95</ele>
   </trkpt>
   <trkpt lat="41.76578000000001" lon="2.9751600000000002">
    <ele>60.35000000000001</ele>
   </trkpt>
   <trkpt lat="41.765660000000004" lon="2.9754">
    <ele>61.65</ele>
   </trkpt>
   <trkpt lat="41.76565" lon="2.9754500000000004">
    <ele>61.65</ele>
   </trkpt>
   <trkpt lat="41.76567" lon="2.9755900000000004">
    <ele>63.2</ele>
   </trkpt>
   <trkpt lat="41.765890000000006" lon="2.9758600000000004">
    <ele>64.60000000000001</ele>
   </trkpt>
   <trkpt lat="41.76592" lon="2.9759100000000003">
    <ele>64.55000000000001</ele>
   </trkpt>
   <trkpt lat="41.76594" lon="2.97602">
    <ele>65.11</ele>
   </trkpt>
   <trkpt lat="41.76592" lon="2.9761100000000003">
    <ele>65.5</ele>
   </trkpt>
   <trkpt lat="41.765890000000006" lon="2.97616">
    <ele>65.85000000000001</ele>
   </trkpt>
   <trkpt lat="41.765800000000006" lon="2.97621">
    <ele>65.85000000000001</ele>
   </trkpt>
   <trkpt lat="41.76563" lon="2.97621">
    <ele>66.77000000000001</ele>
   </trkpt>
   <trkpt lat="41.765510000000006" lon="2.9761800000000003">
    <ele>66.77000000000001</ele>
   </trkpt>
   <trkpt lat="41.76540000000001" lon="2.9761300000000004">
    <ele>67.77000000000001</ele>
   </trkpt>
   <trkpt lat="41.765190000000004" lon="2.9759900000000004">
    <ele>68.81</ele>
   </trkpt>
   <trkpt lat="41.76509" lon="2.9759800000000003">
    <ele>68.81</ele>
   </trkpt>
   <trkpt lat="41.764880000000005" lon="2.9760500000000003">
    <ele>69.59</ele>
   </trkpt>
   <trkpt lat="41.764720000000004" lon="2.9760600000000004">
    <ele>70.53</ele>
   </trkpt>
   <trkpt lat="41.76458" lon="2.9761">
    <ele>71.37</ele>
   </trkpt>
   <trkpt lat="41.764520000000005" lon="2.9761400000000005">
    <ele>71.37</ele>
   </trkpt>
   <trkpt lat="41.764450000000004" lon="2.97622">
    <ele>73.48</ele>
   </trkpt>
   <trkpt lat="41.764320000000005" lon="2.97642">
    <ele>73.48</ele>
   </trkpt>
   <trkpt lat="41.76429" lon="2.97656">
    <ele>74.71000000000001</ele>
   </trkpt>
   <trkpt lat="41.764320000000005" lon="2.97677">
    <ele>75.56</ele>
   </trkpt>
   <trkpt lat="41.76453" lon="2.9772900000000004">
    <ele>78.2</ele>
   </trkpt>
   <trkpt lat="41.764610000000005" lon="2.97772">
    <ele>79.82000000000001</ele>
   </trkpt>
   <trkpt lat="41.764810000000004" lon="2.9781700000000004">
    <ele>82.86</ele>
   </trkpt>
   <trkpt lat="41.764970000000005" lon="2.9788500000000004">
    <ele>86.79</ele>
   </trkpt>
   <trkpt lat="41.76498" lon="2.97907">
    <ele>87.73</ele>
   </trkpt>
   <trkpt lat="41.76496" lon="2.97914">
    <ele>87.73</ele>
   </trkpt>
   <trkpt lat="41.764900000000004" lon="2.97921">
    <ele>88.62</ele>
   </trkpt>
   <trkpt lat="41.76485" lon="2.9792400000000003">
    <ele>89.18</ele>
   </trkpt>
   <trkpt lat="41.76475000000001" lon="2.9792500000000004">
    <ele>89.18</ele>
   </trkpt>
   <trkpt lat="41.764590000000005" lon="2.9791900000000004">
    <ele>91.05</ele>
   </trkpt>
   <trkpt lat="41.76451" lon="2.9791100000000004">
    <ele>91.05</ele>
   </trkpt>
   <trkpt lat="41.7644" lon="2.9788900000000003">
    <ele>91.82000000000001</ele>
   </trkpt>
   <trkpt lat="41.76427" lon="2.97873">
    <ele>93.29</ele>
   </trkpt>
   <trkpt lat="41.764070000000004" lon="2.9785800000000004">
    <ele>94.86000000000001</ele>
   </trkpt>
   <trkpt lat="41.76390000000001" lon="2.97859">
    <ele>95.58000000000001</ele>
   </trkpt>
   <trkpt lat="41.76382" lon="2.9786300000000003">
    <ele>95.58000000000001</ele>
   </trkpt>
   <trkpt lat="41.763540000000006" lon="2.9789200000000005">
    <ele>97.28</ele>
   </trkpt>
   <trkpt lat="41.76343000000001" lon="2.9791000000000003">
    <ele>98.7</ele>
   </trkpt>
   <trkpt lat="41.763380000000005" lon="2.97922">
    <ele>99.15</ele>
   </trkpt>
   <trkpt lat="41.76337" lon="2.97934">
    <ele>99.15</ele>
   </trkpt>
   <trkpt lat="41.76339" lon="2.97968">
    <ele>100.44</ele>
   </trkpt>
   <trkpt lat="41.763380000000005" lon="2.9798600000000004">
    <ele>101.33</ele>
   </trkpt>
   <trkpt lat="41.76335" lon="2.97994">
    <ele>101.33</ele>
   </trkpt>
   <trkpt lat="41.763220000000004" lon="2.9801200000000003">
    <ele>102.36</ele>
   </trkpt>
   <trkpt lat="41.763200000000005" lon="2.98021">
    <ele>103.76</ele>
   </trkpt>
   <trkpt lat="41.76321" lon="2.98062">
    <ele>105.10000000000001</ele>
   </trkpt>
   <trkpt lat="41.763180000000006" lon="2.9810200000000004">
    <ele>106.50000000000001</ele>
   </trkpt>
   <trkpt lat="41.763270000000006" lon="2.98124">
    <ele>109.12</ele>
   </trkpt>
   <trkpt lat="41.763470000000005" lon="2.9814700000000003">
    <ele>109.12</ele>
   </trkpt>
   <trkpt lat="41.763560000000005" lon="2.98164">
    <ele>110.46</ele>
   </trkpt>
   <trkpt lat="41.76364" lon="2.98199">
    <ele>113.32000000000001</ele>
   </trkpt>
   <trkpt lat="41.76368" lon="2.9822800000000003">
    <ele>113.95</ele>
   </trkpt>
   <trkpt lat="41.763670000000005" lon="2.98234">
    <ele>113.95</ele>
   </trkpt>
   <trkpt lat="41.76361" lon="2.9824400000000004">
    <ele>113.95</ele>
   </trkpt>
   <trkpt lat="41.763540000000006" lon="2.9824800000000002">
    <ele>116.32000000000001</ele>
   </trkpt>
   <trkpt lat="41.76332" lon="2.9824900000000003">
    <ele>116.88000000000001</ele>
   </trkpt>
   <trkpt lat="41.763270000000006" lon="2.9825100000000004">
    <ele>117.14</ele>
   </trkpt>
   <trkpt lat="41.76324" lon="2.9825500000000003">
    <ele>117.14</ele>
   </trkpt>
   <trkpt lat="41.76299" lon="2.9832">
    <ele>119.34000000000002</ele>
   </trkpt>
   <trkpt lat="41.76297" lon="2.9833900000000004">
    <ele>120.78000000000002</ele>
   </trkpt>
   <trkpt lat="41.76303" lon="2.98356">
    <ele>121.24000000000001</ele>
   </trkpt>
   <trkpt lat="41.763110000000005" lon="2.98369">
    <ele>122.29</ele>
   </trkpt>
   <trkpt lat="41.763200000000005" lon="2.98394">
    <ele>123.9</ele>
   </trkpt>
   <trkpt lat="41.76328" lon="2.9840400000000002">
    <ele>123.9</ele>
   </trkpt>
   <trkpt lat="41.76346" lon="2.98408">
    <ele>124.33000000000001</ele>
   </trkpt>
   <trkpt lat="41.763540000000006" lon="2.98417">
    <ele>125.34</ele>
   </trkpt>
   <trkpt lat="41.76359" lon="2.9842700000000004">
    <ele>125.34</ele>
   </trkpt>
   <trkpt lat="41.763720000000006" lon="2.98462">
    <ele>127.19</ele>
   </trkpt>
   <trkpt lat="41.76373" lon="2.9848000000000003">
    <ele>128.09</ele>
   </trkpt>
   <trkpt lat="41.7637" lon="2.98505">
    <ele>128.09</ele>
   </trkpt>
   <trkpt lat="41.76377" lon="2.9853300000000003">
    <ele>131.47</ele>
   </trkpt>
   <trkpt lat="41.763780000000004" lon="2.98545">
    <ele>131.47</ele>
   </trkpt>
   <trkpt lat="41.763690000000004" lon="2.9858200000000004">
    <ele>133.34</ele>
   </trkpt>
   <trkpt lat="41.76359" lon="2.98605">
    <ele>135.12</ele>
   </trkpt>
   <trkpt lat="41.763490000000004" lon="2.98611">
    <ele>135.12</ele>
   </trkpt>
   <trkpt lat="41.763400000000004" lon="2.98612">
    <ele>137.5</ele>
   </trkpt>
   <trkpt lat="41.76328" lon="2.9861000000000004">
    <ele>137.5</ele>
   </trkpt>
   <trkpt lat="41.7631" lon="2.9859600000000004">
    <ele>139.27</ele>
   </trkpt>
   <trkpt lat="41.763020000000004" lon="2.9859600000000004">
    <ele>139.6</ele>
   </trkpt>
   <trkpt lat="41.762930000000004" lon="2.9860300000000004">
    <ele>140.20000000000002</ele>
   </trkpt>
   <trkpt lat="41.76288" lon="2.98618">
    <ele>140.98000000000002</ele>
   </trkpt>
   <trkpt lat="41.76287000000001" lon="2.98647">
    <ele>142.79</ele>
   </trkpt>
   <trkpt lat="41.762600000000006" lon="2.9871700000000003">
    <ele>145.3</ele>
   </trkpt>
   <trkpt lat="41.76254" lon="2.98782">
    <ele>146.96</ele>
   </trkpt>
   <trkpt lat="41.762570000000004" lon="2.98828">
    <ele>147.82</ele>
   </trkpt>
   <trkpt lat="41.762600000000006" lon="2.9883900000000003">
    <ele>147.95000000000002</ele>
   </trkpt>
   <trkpt lat="41.76268" lon="2.98857">
    <ele>148.29</ele>
   </trkpt>
   <trkpt lat="41.76287000000001" lon="2.98891">
    <ele>148.58</ele>
   </trkpt>
   <trkpt lat="41.76292" lon="2.9889400000000004">
    <ele>148.58</ele>
   </trkpt>
   <trkpt lat="41.763000000000005" lon="2.98896">
    <ele>148.58</ele>
   </trkpt>
   <trkpt lat="41.76339" lon="2.9888800000000004">
    <ele>148.86</ele>
   </trkpt>
   <trkpt lat="41.763490000000004" lon="2.9888100000000004">
    <ele>148.86</ele>
   </trkpt>
   <trkpt lat="41.763740000000006" lon="2.98837">
    <ele>149.12</ele>
   </trkpt>
   <trkpt lat="41.76393" lon="2.98817">
    <ele>149.12</ele>
   </trkpt>
   <trkpt lat="41.76406" lon="2.9880700000000004">
    <ele>149.42000000000002</ele>
   </trkpt>
   <trkpt lat="41.764160000000004" lon="2.98809">
    <ele>149.42000000000002</ele>
   </trkpt>
   <trkpt lat="41.76426" lon="2.9881900000000003">
    <ele>149.48</ele>
   </trkpt>
   <trkpt lat="41.76429" lon="2.9882400000000002">
    <ele>149.48</ele>
   </trkpt>
   <trkpt lat="41.764300000000006" lon="2.9884100000000005">
    <ele>149.59</ele>
   </trkpt>
   <trkpt lat="41.764210000000006" lon="2.9887200000000003">
    <ele>150.13000000000002</ele>
   </trkpt>
   <trkpt lat="41.764190000000006" lon="2.98883">
    <ele>150.13000000000002</ele>
   </trkpt>
   <trkpt lat="41.76415" lon="2.9898800000000003">
    <ele>151.65</ele>
   </trkpt>
   <trkpt lat="41.76408" lon="2.9900700000000002">
    <ele>152.31</ele>
   </trkpt>
   <trkpt lat="41.764010000000006" lon="2.9901500000000003">
    <ele>152.31</ele>
   </trkpt>
   <trkpt lat="41.76379" lon="2.99034">
    <ele>152.7</ele>
   </trkpt>
   <trkpt lat="41.763720000000006" lon="2.99047">
    <ele>152.75000000000003</ele>
   </trkpt>
   <trkpt lat="41.763720000000006" lon="2.99066">
    <ele>152.77</ele>
   </trkpt>
   <trkpt lat="41.76397" lon="2.99181">
    <ele>151.54</ele>
   </trkpt>
   <trkpt lat="41.764050000000005" lon="2.9919900000000004">
    <ele>149.99</ele>
   </trkpt>
   <trkpt lat="41.7642" lon="2.9921900000000003">
    <ele>149.99</ele>
   </trkpt>
   <trkpt lat="41.76431" lon="2.9922400000000002">
    <ele>148.58</ele>
   </trkpt>
   <trkpt lat="41.76442" lon="2.9922400000000002">
    <ele>148.58</ele>
   </trkpt>
   <trkpt lat="41.764500000000005" lon="2.99221">
    <ele>148.58</ele>
   </trkpt>
   <trkpt lat="41.764720000000004" lon="2.9921">
    <ele>146.23</ele>
   </trkpt>
   <trkpt lat="41.764920000000004" lon="2.99187">
    <ele>143.62000000000003</ele>
   </trkpt>
   <trkpt lat="41.764970000000005" lon="2.9918400000000003">
    <ele>143.62000000000003</ele>
   </trkpt>
   <trkpt lat="41.765100000000004" lon="2.99181">
    <ele>142.56000000000003</ele>
   </trkpt>
   <trkpt lat="41.7652" lon="2.99182">
    <ele>142.56000000000003</ele>
   </trkpt>
   <trkpt lat="41.765390000000004" lon="2.9917200000000004">
    <ele>141.3</ele>
   </trkpt>
   <trkpt lat="41.76547" lon="2.9917100000000003">
    <ele>140.74</ele>
   </trkpt>
   <trkpt lat="41.76559" lon="2.9917700000000003">
    <ele>140.14000000000001</ele>
   </trkpt>
   <trkpt lat="41.76568" lon="2.9919000000000002">
    <ele>140.14000000000001</ele>
   </trkpt>
   <trkpt lat="41.76576" lon="2.9920500000000003">
    <ele>137.3</ele>
   </trkpt>
   <trkpt lat="41.76586" lon="2.99237">
    <ele>136.65</ele>
   </trkpt>
   <trkpt lat="41.765950000000004" lon="2.9924600000000003">
    <ele>135.3</ele>
   </trkpt>
   <trkpt lat="41.76601" lon="2.9924700000000004">
    <ele>134.6</ele>
   </trkpt>
   <trkpt lat="41.76606" lon="2.9924500000000003">
    <ele>134.6</ele>
   </trkpt>
   <trkpt lat="41.766200000000005" lon="2.9922700000000004">
    <ele>132.69</ele>
   </trkpt>
   <trkpt lat="41.76632" lon="2.9921900000000003">
    <ele>131.65</ele>
   </trkpt>
   <trkpt lat="41.766510000000004" lon="2.9922000000000004">
    <ele>130.44</ele>
   </trkpt>
   <trkpt lat="41.76662" lon="2.9921900000000003">
    <ele>129.88000000000002</ele>
   </trkpt>
   <trkpt lat="41.76666" lon="2.99217">
    <ele>129.39000000000001</ele>
   </trkpt>
   <trkpt lat="41.76673" lon="2.9921200000000003">
    <ele>129.39000000000001</ele>
   </trkpt>
   <trkpt lat="41.76686" lon="2.99196">
    <ele>128.28</ele>
   </trkpt>
   <trkpt lat="41.766940000000005" lon="2.9919100000000003">
    <ele>127.82000000000001</ele>
   </trkpt>
   <trkpt lat="41.76699000000001" lon="2.9919000000000002">
    <ele>127.82000000000001</ele>
   </trkpt>
   <trkpt lat="41.767100000000006" lon="2.9919300000000004">
    <ele>127.08</ele>
   </trkpt>
   <trkpt lat="41.767320000000005" lon="2.99203">
    <ele>125.81</ele>
   </trkpt>
   <trkpt lat="41.76751" lon="2.99216">
    <ele>124.85000000000001</ele>
   </trkpt>
   <trkpt lat="41.76773" lon="2.99217">
    <ele>122.59</ele>
   </trkpt>
   <trkpt lat="41.76782" lon="2.9922400000000002">
    <ele>122.59</ele>
   </trkpt>
   <trkpt lat="41.76794" lon="2.9924000000000004">
    <ele>122.59</ele>
   </trkpt>
   <trkpt lat="41.768040000000006" lon="2.9924600000000003">
    <ele>121.27000000000001</ele>
   </trkpt>
   <trkpt lat="41.768100000000004" lon="2.9924600000000003">
    <ele>121.27000000000001</ele>
   </trkpt>
   <trkpt lat="41.76825" lon="2.9924000000000004">
    <ele>121.27000000000001</ele>
   </trkpt>
   <trkpt lat="41.76869000000001" lon="2.99209">
    <ele>117.52000000000001</ele>
   </trkpt>
   <trkpt lat="41.76885" lon="2.99187">
    <ele>116.08</ele>
   </trkpt>
   <trkpt lat="41.76897" lon="2.99176">
    <ele>116.08</ele>
   </trkpt>
   <trkpt lat="41.76915" lon="2.99175">
    <ele>114.74000000000001</ele>
   </trkpt>
   <trkpt lat="41.769510000000004" lon="2.99167">
    <ele>112.99000000000001</ele>
   </trkpt>
   <trkpt lat="41.76963000000001" lon="2.99168">
    <ele>112.99000000000001</ele>
   </trkpt>
   <trkpt lat="41.769740000000006" lon="2.99181">
    <ele>112.36000000000001</ele>
   </trkpt>
   <trkpt lat="41.769760000000005" lon="2.9918600000000004">
    <ele>112.21000000000001</ele>
   </trkpt>
   <trkpt lat="41.76975" lon="2.9919900000000004">
    <ele>111.87</ele>
   </trkpt>
   <trkpt lat="41.76943000000001" lon="2.99264">
    <ele>111.48</ele>
   </trkpt>
   <trkpt lat="41.76928" lon="2.9928000000000003">
    <ele>111.63000000000001</ele>
   </trkpt>
   <trkpt lat="41.768660000000004" lon="2.9935500000000004">
    <ele>115.62000000000002</ele>
   </trkpt>
   <trkpt lat="41.76854" lon="2.9936700000000003">
    <ele>115.62000000000002</ele>
   </trkpt>
   <trkpt lat="41.7685" lon="2.9937500000000004">
    <ele>115.62000000000002</ele>
   </trkpt>
   <trkpt lat="41.768480000000004" lon="2.99384">
    <ele>115.62000000000002</ele>
   </trkpt>
   <trkpt lat="41.768480000000004" lon="2.99413">
    <ele>117.95000000000002</ele>
   </trkpt>
   <trkpt lat="41.768390000000004" lon="2.9944900000000003">
    <ele>119.06000000000002</ele>
   </trkpt>
   <trkpt lat="41.768370000000004" lon="2.99472">
    <ele>121.75000000000001</ele>
   </trkpt>
   <trkpt lat="41.768330000000006" lon="2.9948900000000003">
    <ele>121.75000000000001</ele>
   </trkpt>
   <trkpt lat="41.768260000000005" lon="2.99494">
    <ele>121.77</ele>
   </trkpt>
   <trkpt lat="41.7682" lon="2.9949500000000002">
    <ele>121.77</ele>
   </trkpt>
   <trkpt lat="41.768040000000006" lon="2.99487">
    <ele>123.71000000000001</ele>
   </trkpt>
   <trkpt lat="41.76791" lon="2.9948400000000004">
    <ele>124.44000000000001</ele>
   </trkpt>
   <trkpt lat="41.76785" lon="2.9948500000000005">
    <ele>124.44000000000001</ele>
   </trkpt>
   <trkpt lat="41.767770000000006" lon="2.99492">
    <ele>125.98</ele>
   </trkpt>
   <trkpt lat="41.767720000000004" lon="2.9950500000000004">
    <ele>126.85000000000002</ele>
   </trkpt>
   <trkpt lat="41.76776" lon="2.9954400000000003">
    <ele>128.71</ele>
   </trkpt>
   <trkpt lat="41.76773" lon="2.99582">
    <ele>129.5</ele>
   </trkpt>
   <trkpt lat="41.767680000000006" lon="2.99596">
    <ele>131.16</ele>
   </trkpt>
   <trkpt lat="41.76756" lon="2.9961800000000003">
    <ele>131.16</ele>
   </trkpt>
   <trkpt lat="41.76746000000001" lon="2.9965900000000003">
    <ele>135.28</ele>
   </trkpt>
   <trkpt lat="41.76746000000001" lon="2.99675">
    <ele>135.28</ele>
   </trkpt>
   <trkpt lat="41.767500000000005" lon="2.99683">
    <ele>135.28</ele>
   </trkpt>
   <trkpt lat="41.76767" lon="2.9970200000000005">
    <ele>136.61</ele>
   </trkpt>
   <trkpt lat="41.76771" lon="2.9971">
    <ele>137.17000000000002</ele>
   </trkpt>
   <trkpt lat="41.76771" lon="2.99731">
    <ele>137.69</ele>
   </trkpt>
   <trkpt lat="41.76765" lon="2.9974900000000004">
    <ele>137.95000000000002</ele>
   </trkpt>
   <trkpt lat="41.767390000000006" lon="2.9977400000000003">
    <ele>138.25</ele>
   </trkpt>
   <trkpt lat="41.767320000000005" lon="2.9978700000000003">
    <ele>138.3</ele>
   </trkpt>
   <trkpt lat="41.7672" lon="2.9982100000000003">
    <ele>138.29000000000002</ele>
   </trkpt>
   <trkpt lat="41.76718" lon="2.99845">
    <ele>138.22</ele>
   </trkpt>
   <trkpt lat="41.767210000000006" lon="2.99853">
    <ele>138.01000000000002</ele>
   </trkpt>
   <trkpt lat="41.76731" lon="2.99865">
    <ele>137.93000000000004</ele>
   </trkpt>
   <trkpt lat="41.767570000000006" lon="2.99879">
    <ele>137.01000000000002</ele>
   </trkpt>
   <trkpt lat="41.76774" lon="2.9989500000000002">
    <ele>136.3</ele>
   </trkpt>
   <trkpt lat="41.767920000000004" lon="2.9992400000000004">
    <ele>136.3</ele>
   </trkpt>
   <trkpt lat="41.768080000000005" lon="2.9996400000000003">
    <ele>135.34</ele>
   </trkpt>
   <trkpt lat="41.76816" lon="2.9997900000000004">
    <ele>134.66</ele>
   </trkpt>
   <trkpt lat="41.768440000000005" lon="3.00008">
    <ele>133.70000000000002</ele>
   </trkpt>
   <trkpt lat="41.76867" lon="3.0004100000000005">
    <ele>132.75</ele>
   </trkpt>
   <trkpt lat="41.76874" lon="3.0004700000000004">
    <ele>132.75</ele>
   </trkpt>
   <trkpt lat="41.76892" lon="3.00056">
    <ele>130.9</ele>
   </trkpt>
   <trkpt lat="41.769130000000004" lon="3.00056">
    <ele>130.9</ele>
   </trkpt>
   <trkpt lat="41.769400000000005" lon="3.0005300000000004">
    <ele>129.70000000000002</ele>
   </trkpt>
   <trkpt lat="41.76959" lon="3.00057">
    <ele>128.57000000000002</ele>
   </trkpt>
   <trkpt lat="41.76975" lon="3.00064">
    <ele>128.57000000000002</ele>
   </trkpt>
   <trkpt lat="41.76997" lon="3.0007800000000002">
    <ele>127.37</ele>
   </trkpt>
   <trkpt lat="41.770100000000006" lon="3.0009300000000003">
    <ele>127.02000000000002</ele>
   </trkpt>
   <trkpt lat="41.77033" lon="3.0013400000000003">
    <ele>124.87</ele>
   </trkpt>
   <trkpt lat="41.770450000000004" lon="3.0014100000000004">
    <ele>124.87</ele>
   </trkpt>
   <trkpt lat="41.77069" lon="3.0014100000000004">
    <ele>124.08000000000001</ele>
   </trkpt>
   <trkpt lat="41.770790000000005" lon="3.00145">
    <ele>122.99000000000001</ele>
   </trkpt>
   <trkpt lat="41.770860000000006" lon="3.0015">
    <ele>122.58000000000001</ele>
   </trkpt>
   <trkpt lat="41.77122000000001" lon="3.0019600000000004">
    <ele>120.32000000000001</ele>
   </trkpt>
   <trkpt lat="41.77145" lon="3.0022100000000003">
    <ele>118.87</ele>
   </trkpt>
   <trkpt lat="41.77177500101492" lon="3.0027299971134482">
    <ele>116.87000000000002</ele>
   </trkpt>
   <trkpt lat="41.7721" lon="3.0032500000000004">
    <ele>115.22</ele>
   </trkpt>
   <trkpt lat="41.772200000000005" lon="3.0033000000000003">
    <ele>115.22</ele>
   </trkpt>
   <trkpt lat="41.772450000000006" lon="3.00334">
    <ele>113.93</ele>
   </trkpt>
   <trkpt lat="41.77252" lon="3.0033800000000004">
    <ele>113.66000000000001</ele>
   </trkpt>
   <trkpt lat="41.772580000000005" lon="3.0035100000000003">
    <ele>113.34</ele>
   </trkpt>
   <trkpt lat="41.77243" lon="3.0043300000000004">
    <ele>110.75000000000001</ele>
   </trkpt>
   <trkpt lat="41.77246" lon="3.0045300000000004">
    <ele>109.52000000000001</ele>
   </trkpt>
   <trkpt lat="41.772510000000004" lon="3.0046500000000003">
    <ele>109.52000000000001</ele>
   </trkpt>
   <trkpt lat="41.77257" lon="3.0047300000000003">
    <ele>109.14000000000001</ele>
   </trkpt>
   <trkpt lat="41.772650000000006" lon="3.0047900000000003">
    <ele>108.43</ele>
   </trkpt>
   <trkpt lat="41.772960000000005" lon="3.0049300000000003">
    <ele>107.56</ele>
   </trkpt>
   <trkpt lat="41.773160000000004" lon="3.0050600000000003">
    <ele>107.02</ele>
   </trkpt>
   <trkpt lat="41.77371" lon="3.0057">
    <ele>104.24000000000001</ele>
   </trkpt>
   <trkpt lat="41.7738" lon="3.00578">
    <ele>104.24000000000001</ele>
   </trkpt>
   <trkpt lat="41.77402" lon="3.00585">
    <ele>103.58</ele>
   </trkpt>
   <trkpt lat="41.77409" lon="3.00584">
    <ele>102.85000000000001</ele>
   </trkpt>
   <trkpt lat="41.774370000000005" lon="3.0058000000000002">
    <ele>102.28</ele>
   </trkpt>
   <trkpt lat="41.77451000000001" lon="3.0058200000000004">
    <ele>102.10000000000001</ele>
   </trkpt>
   <trkpt lat="41.77456" lon="3.0058700000000003">
    <ele>102.10000000000001</ele>
   </trkpt>
   <trkpt lat="41.774730000000005" lon="3.0061500000000003">
    <ele>101.95000000000002</ele>
   </trkpt>
   <trkpt lat="41.7749" lon="3.00632">
    <ele>101.79</ele>
   </trkpt>
   <trkpt lat="41.77501" lon="3.0063700000000004">
    <ele>101.79</ele>
   </trkpt>
   <trkpt lat="41.77537" lon="3.0064800000000003">
    <ele>101.81000000000002</ele>
   </trkpt>
   <trkpt lat="41.77554000000001" lon="3.0066">
    <ele>101.77000000000001</ele>
   </trkpt>
   <trkpt lat="41.77564" lon="3.00672">
    <ele>101.51</ele>
   </trkpt>
   <trkpt lat="41.77577" lon="3.0069500000000002">
    <ele>101.46000000000001</ele>
   </trkpt>
   <trkpt lat="41.775830000000006" lon="3.00713">
    <ele>100.99000000000001</ele>
   </trkpt>
   <trkpt lat="41.77581" lon="3.00733">
    <ele>100.99000000000001</ele>
   </trkpt>
   <trkpt lat="41.775760000000005" lon="3.0074600000000005">
    <ele>100.36</ele>
   </trkpt>
   <trkpt lat="41.77543" lon="3.0078400000000003">
    <ele>99.80000000000001</ele>
   </trkpt>
   <trkpt lat="41.77535" lon="3.0079000000000002">
    <ele>99.78</ele>
   </trkpt>
   <trkpt lat="41.77503" lon="3.0080400000000003">
    <ele>99.96000000000001</ele>
   </trkpt>
   <trkpt lat="41.77467" lon="3.0083800000000003">
    <ele>101.04</ele>
   </trkpt>
   <trkpt lat="41.774480000000004" lon="3.0085">
    <ele>102.01</ele>
   </trkpt>
   <trkpt lat="41.774370000000005" lon="3.0086000000000004">
    <ele>102.71000000000001</ele>
   </trkpt>
   <trkpt lat="41.77431000000001" lon="3.0087">
    <ele>103.71000000000001</ele>
   </trkpt>
   <trkpt lat="41.77418" lon="3.0092000000000003">
    <ele>105.77</ele>
   </trkpt>
   <trkpt lat="41.774100000000004" lon="3.00943">
    <ele>105.77</ele>
   </trkpt>
   <trkpt lat="41.77403" lon="3.0095500000000004">
    <ele>107.98</ele>
   </trkpt>
   <trkpt lat="41.773920000000004" lon="3.0096000000000003">
    <ele>107.98</ele>
   </trkpt>
   <trkpt lat="41.77387" lon="3.0096000000000003">
    <ele>107.98</ele>
   </trkpt>
   <trkpt lat="41.77371" lon="3.0095400000000003">
    <ele>109.48</ele>
   </trkpt>
   <trkpt lat="41.77346" lon="3.00937">
    <ele>110.74000000000001</ele>
   </trkpt>
   <trkpt lat="41.773340000000005" lon="3.00937">
    <ele>111.18</ele>
   </trkpt>
   <trkpt lat="41.773270000000004" lon="3.00944">
    <ele>111.60000000000001</ele>
   </trkpt>
   <trkpt lat="41.77322" lon="3.0095400000000003">
    <ele>111.60000000000001</ele>
   </trkpt>
   <trkpt lat="41.77319000000001" lon="3.00972">
    <ele>112.72000000000001</ele>
   </trkpt>
   <trkpt lat="41.773160000000004" lon="3.01026">
    <ele>114.41000000000001</ele>
   </trkpt>
   <trkpt lat="41.77317" lon="3.01054">
    <ele>115.18</ele>
   </trkpt>
   <trkpt lat="41.77324" lon="3.01094">
    <ele>115.7</ele>
   </trkpt>
   <trkpt lat="41.773300000000006" lon="3.0111600000000003">
    <ele>115.95</ele>
   </trkpt>
   <trkpt lat="41.773540000000004" lon="3.0117100000000003">
    <ele>116.42</ele>
   </trkpt>
   <trkpt lat="41.77362" lon="3.01181">
    <ele>116.63000000000001</ele>
   </trkpt>
   <trkpt lat="41.773720000000004" lon="3.0119000000000002">
    <ele>116.87000000000002</ele>
   </trkpt>
   <trkpt lat="41.77456" lon="3.0123">
    <ele>118.39</ele>
   </trkpt>
   <trkpt lat="41.77526000112327" lon="3.0127999945710755">
    <ele>119.55</ele>
   </trkpt>
   <trkpt lat="41.775960000000005" lon="3.0133">
    <ele>120.55</ele>
   </trkpt>
   <trkpt lat="41.776070000000004" lon="3.0133400000000004">
    <ele>120.70000000000002</ele>
   </trkpt>
   <trkpt lat="41.776180000000004" lon="3.01336">
    <ele>120.72</ele>
   </trkpt>
   <trkpt lat="41.77633" lon="3.0133400000000004">
    <ele>120.61</ele>
   </trkpt>
   <trkpt lat="41.77689" lon="3.0130600000000003">
    <ele>116.54</ele>
   </trkpt>
   <trkpt lat="41.77711" lon="3.01298">
    <ele>114.73</ele>
   </trkpt>
   <trkpt lat="41.77727" lon="3.0129">
    <ele>113.25</ele>
   </trkpt>
   <trkpt lat="41.777680000000004" lon="3.0125400000000004">
    <ele>110.81</ele>
   </trkpt>
   <trkpt lat="41.77779" lon="3.0124700000000004">
    <ele>107.44000000000001</ele>
   </trkpt>
   <trkpt lat="41.777910000000006" lon="3.01242">
    <ele>107.44000000000001</ele>
   </trkpt>
   <trkpt lat="41.778270000000006" lon="3.0121900000000004">
    <ele>104.63000000000001</ele>
   </trkpt>
   <trkpt lat="41.77841" lon="3.0121200000000004">
    <ele>103.49000000000001</ele>
   </trkpt>
   <trkpt lat="41.77857" lon="3.01207">
    <ele>102.85000000000001</ele>
   </trkpt>
   <trkpt lat="41.778650000000006" lon="3.01207">
    <ele>102.15</ele>
   </trkpt>
   <trkpt lat="41.77877" lon="3.0121100000000003">
    <ele>102.15</ele>
   </trkpt>
   <trkpt lat="41.77913" lon="3.0124400000000002">
    <ele>97.15</ele>
   </trkpt>
   <trkpt lat="41.779210000000006" lon="3.0125400000000004">
    <ele>97.15</ele>
   </trkpt>
   <trkpt lat="41.779300000000006" lon="3.0126100000000005">
    <ele>96.17</ele>
   </trkpt>
   <trkpt lat="41.779520000000005" lon="3.0127">
    <ele>94.38000000000001</ele>
   </trkpt>
   <trkpt lat="41.77975" lon="3.0128800000000004">
    <ele>93.05000000000001</ele>
   </trkpt>
   <trkpt lat="41.7798" lon="3.01296">
    <ele>93.05000000000001</ele>
   </trkpt>
   <trkpt lat="41.77989" lon="3.0134000000000003">
    <ele>89.10000000000001</ele>
   </trkpt>
   <trkpt lat="41.78" lon="3.01377">
    <ele>87.18</ele>
   </trkpt>
   <trkpt lat="41.78" lon="3.0137600000000004">
    <ele>87.3</ele>
   </trkpt>
   <trkpt lat="41.78002" lon="3.01391">
    <ele>87.03000000000002</ele>
   </trkpt>
   <trkpt lat="41.77998" lon="3.0140800000000003">
    <ele>84.77000000000001</ele>
   </trkpt>
   <trkpt lat="41.77987" lon="3.0142200000000003">
    <ele>84.77000000000001</ele>
   </trkpt>
   <trkpt lat="41.7796" lon="3.0143400000000002">
    <ele>82.98</ele>
   </trkpt>
   <trkpt lat="41.77948000000001" lon="3.0144200000000003">
    <ele>80.83000000000001</ele>
   </trkpt>
   <trkpt lat="41.779090000000004" lon="3.01474">
    <ele>77.97000000000001</ele>
   </trkpt>
   <trkpt lat="41.779030000000006" lon="3.01485">
    <ele>77.97000000000001</ele>
   </trkpt>
   <trkpt lat="41.77899" lon="3.0150200000000003">
    <ele>76.99</ele>
   </trkpt>
   <trkpt lat="41.778870000000005" lon="3.0152400000000004">
    <ele>75.1</ele>
   </trkpt>
   <trkpt lat="41.778330000000004" lon="3.0159100000000003">
    <ele>71.03000000000002</ele>
   </trkpt>
   <trkpt lat="41.77819" lon="3.0159700000000003">
    <ele>71.03000000000002</ele>
   </trkpt>
   <trkpt lat="41.77798000000001" lon="3.0159900000000004">
    <ele>68.60000000000001</ele>
   </trkpt>
   <trkpt lat="41.777860000000004" lon="3.01607">
    <ele>68.05</ele>
   </trkpt>
   <trkpt lat="41.777800000000006" lon="3.0162000000000004">
    <ele>67.45</ele>
   </trkpt>
   <trkpt lat="41.777770000000004" lon="3.0164400000000002">
    <ele>65.84</ele>
   </trkpt>
   <trkpt lat="41.77772" lon="3.0166500000000003">
    <ele>64.91000000000001</ele>
   </trkpt>
   <trkpt lat="41.77752" lon="3.0169900000000003">
    <ele>61.35</ele>
   </trkpt>
   <trkpt lat="41.777460000000005" lon="3.0171500000000004">
    <ele>61.35</ele>
   </trkpt>
   <trkpt lat="41.777440000000006" lon="3.01729">
    <ele>61.35</ele>
   </trkpt>
   <trkpt lat="41.777440000000006" lon="3.0175">
    <ele>60.24</ele>
   </trkpt>
   <trkpt lat="41.777460000000005" lon="3.0176600000000002">
    <ele>59.96000000000001</ele>
   </trkpt>
   <trkpt lat="41.7775" lon="3.0177500000000004">
    <ele>59.330000000000005</ele>
   </trkpt>
   <trkpt lat="41.777550000000005" lon="3.0178200000000004">
    <ele>59.330000000000005</ele>
   </trkpt>
   <trkpt lat="41.77776" lon="3.0179600000000004">
    <ele>59.330000000000005</ele>
   </trkpt>
   <trkpt lat="41.777860000000004" lon="3.0180800000000003">
    <ele>55.980000000000004</ele>
   </trkpt>
   <trkpt lat="41.777930000000005" lon="3.01833">
    <ele>55.980000000000004</ele>
   </trkpt>
   <trkpt lat="41.777910000000006" lon="3.0190200000000003">
    <ele>52.15</ele>
   </trkpt>
   <trkpt lat="41.77792" lon="3.0192">
    <ele>50.78</ele>
   </trkpt>
   <trkpt lat="41.77801" lon="3.01942">
    <ele>50.13</ele>
   </trkpt>
   <trkpt lat="41.77839" lon="3.01981">
    <ele>45.730000000000004</ele>
   </trkpt>
   <trkpt lat="41.778470000000006" lon="3.0199900000000004">
    <ele>45.730000000000004</ele>
   </trkpt>
   <trkpt lat="41.7785" lon="3.02028">
    <ele>43.99</ele>
   </trkpt>
   <trkpt lat="41.778470000000006" lon="3.0204400000000002">
    <ele>43.99</ele>
   </trkpt>
   <trkpt lat="41.778360000000006" lon="3.02083">
    <ele>41.21</ele>
   </trkpt>
   <trkpt lat="41.778360000000006" lon="3.0210000000000004">
    <ele>41.21</ele>
   </trkpt>
   <trkpt lat="41.778400000000005" lon="3.02111">
    <ele>39.440000000000005</ele>
   </trkpt>
   <trkpt lat="41.77848" lon="3.0212200000000005">
    <ele>39.440000000000005</ele>
   </trkpt>
   <trkpt lat="41.778710000000004" lon="3.0214200000000004">
    <ele>37.2</ele>
   </trkpt>
   <trkpt lat="41.778850000000006" lon="3.0215">
    <ele>35.10000000000001</ele>
   </trkpt>
   <trkpt lat="41.779090000000004" lon="3.02159">
    <ele>34.45</ele>
   </trkpt>
   <trkpt lat="41.779160000000005" lon="3.02164">
    <ele>34.45</ele>
   </trkpt>
   <trkpt lat="41.77929" lon="3.02184">
    <ele>31.64</ele>
   </trkpt>
   <trkpt lat="41.779360000000004" lon="3.02206">
    <ele>31.64</ele>
   </trkpt>
   <trkpt lat="41.779520000000005" lon="3.0223500000000003">
    <ele>29.16</ele>
   </trkpt>
   <trkpt lat="41.779540000000004" lon="3.0225700000000004">
    <ele>27.200000000000003</ele>
   </trkpt>
   <trkpt lat="41.77953" lon="3.02267">
    <ele>27.200000000000003</ele>
   </trkpt>
   <trkpt lat="41.7794" lon="3.02313">
    <ele>24.07</ele>
   </trkpt>
   <trkpt lat="41.77938" lon="3.0232500000000004">
    <ele>24.07</ele>
   </trkpt>
   <trkpt lat="41.77938" lon="3.0233800000000004">
    <ele>22.62</ele>
   </trkpt>
   <trkpt lat="41.779410000000006" lon="3.02354">
    <ele>22.62</ele>
   </trkpt>
   <trkpt lat="41.77949" lon="3.02367">
    <ele>21.34</ele>
   </trkpt>
   <trkpt lat="41.779590000000006" lon="3.0237200000000004">
    <ele>21.34</ele>
   </trkpt>
   <trkpt lat="41.780030000000004" lon="3.0237100000000003">
    <ele>17.080000000000002</ele>
   </trkpt>
   <trkpt lat="41.78011" lon="3.02373">
    <ele>17.080000000000002</ele>
   </trkpt>
   <trkpt lat="41.780170000000005" lon="3.0237800000000004">
    <ele>17.080000000000002</ele>
   </trkpt>
   <trkpt lat="41.780280000000005" lon="3.02396">
    <ele>16.75</ele>
   </trkpt>
   <trkpt lat="41.7805" lon="3.02442">
    <ele>14.090000000000002</ele>
   </trkpt>
   <trkpt lat="41.78054" lon="3.0246500000000003">
    <ele>13.340000000000002</ele>
   </trkpt>
   <trkpt lat="41.780550000000005" lon="3.0248700000000004">
    <ele>12.42</ele>
   </trkpt>
   <trkpt lat="41.78052" lon="3.02517">
    <ele>12.100000000000001</ele>
   </trkpt>
   <trkpt lat="41.78042000000001" lon="3.02586">
    <ele>10.55</ele>
   </trkpt>
   <trkpt lat="41.78043" lon="3.0260200000000004">
    <ele>10.55</ele>
   </trkpt>
   <trkpt lat="41.780460000000005" lon="3.0260700000000003">
    <ele>10.55</ele>
   </trkpt>
   <trkpt lat="41.780590000000004" lon="3.0262000000000002">
    <ele>10.25</ele>
   </trkpt>
   <trkpt lat="41.78076" lon="3.02626">
    <ele>10.040000000000001</ele>
   </trkpt>
   <trkpt lat="41.78061" lon="3.0267700000000004">
    <ele>9.81</ele>
   </trkpt>
   <trkpt lat="41.78060000000001" lon="3.0268900000000003">
    <ele>9.92</ele>
   </trkpt>
   <trkpt lat="41.780640000000005" lon="3.02693">
    <ele>9.930000000000001</ele>
   </trkpt>
   <trkpt lat="41.78065" lon="3.02699">
    <ele>9.930000000000001</ele>
   </trkpt>
   <trkpt lat="41.78063" lon="3.02708">
    <ele>9.88</ele>
   </trkpt>
   <trkpt lat="41.78056" lon="3.0271100000000004">
    <ele>9.88</ele>
   </trkpt>
   <trkpt lat="41.78045" lon="3.02733">
    <ele>9.75</ele>
   </trkpt>
   <trkpt lat="41.78006000125834" lon="3.0278600031683967">
    <ele>9.35</ele>
   </trkpt>
   <trkpt lat="41.77967" lon="3.0283900000000004">
    <ele>8.83</ele>
   </trkpt>
   <trkpt lat="41.77964" lon="3.0285100000000003">
    <ele>8.83</ele>
   </trkpt>
   <trkpt lat="41.779560000000004" lon="3.02864">
    <ele>8.74</ele>
   </trkpt>
   <trkpt lat="41.77942" lon="3.0287200000000003">
    <ele>8.77</ele>
   </trkpt>
   <trkpt lat="41.7794" lon="3.0287900000000003">
    <ele>8.75</ele>
   </trkpt>
   <trkpt lat="41.779520000000005" lon="3.02897">
    <ele>8.620000000000001</ele>
   </trkpt>
   <trkpt lat="41.77995000699157" lon="3.029702485285842">
    <ele>8.06</ele>
   </trkpt>
   <trkpt lat="41.78038000933047" lon="3.030434980395135">
    <ele>9.160000000000002</ele>
   </trkpt>
   <trkpt lat="41.78081000701659" lon="3.0311674853280532">
    <ele>8.950000000000001</ele>
   </trkpt>
   <trkpt lat="41.781240000000004" lon="3.0319000000000003">
    <ele>8.97</ele>
   </trkpt>
   <trkpt lat="41.78132" lon="3.0321200000000004">
    <ele>8.92</ele>
   </trkpt>
   <trkpt lat="41.781310000000005" lon="3.03221">
    <ele>8.92</ele>
   </trkpt>
   <trkpt lat="41.78134" lon="3.0322500000000003">
    <ele>8.92</ele>
   </trkpt>
   <trkpt lat="41.781380000000006" lon="3.0322600000000004">
    <ele>8.92</ele>
   </trkpt>
   <trkpt lat="41.781400000000005" lon="3.0323800000000003">
    <ele>8.85</ele>
   </trkpt>
   <trkpt lat="41.781380000000006" lon="3.0322600000000004">
    <ele>8.92</ele>
   </trkpt>
   <trkpt lat="41.781530000000004" lon="3.03214">
    <ele>9.39</ele>
   </trkpt>
   <trkpt lat="41.78224" lon="3.03147">
    <ele>9.860000000000001</ele>
   </trkpt>
   <trkpt lat="41.7826" lon="3.03126">
    <ele>10.31</ele>
   </trkpt>
   <trkpt lat="41.782520000000005" lon="3.03094">
    <ele>10.650000000000002</ele>
   </trkpt>
   <trkpt lat="41.782180000000004" lon="3.03126">
    <ele>10.040000000000001</ele>
   </trkpt>
   <trkpt lat="41.781795000765264" lon="3.031675002471735">
    <ele>9.72</ele>
   </trkpt>
   <trkpt lat="41.78141" lon="3.03209">
    <ele>9.040000000000001</ele>
   </trkpt>
   <trkpt lat="41.78137" lon="3.03208">
    <ele>9.0</ele>
   </trkpt>
   <trkpt lat="41.781240000000004" lon="3.0319000000000003">
    <ele>8.97</ele>
   </trkpt>
   <trkpt lat="41.78132" lon="3.0321200000000004">
    <ele>8.92</ele>
   </trkpt>
   <trkpt lat="41.781310000000005" lon="3.03221">
    <ele>8.92</ele>
   </trkpt>
   <trkpt lat="41.78134" lon="3.0322500000000003">
    <ele>8.92</ele>
   </trkpt>
   <trkpt lat="41.781380000000006" lon="3.0322600000000004">
    <ele>8.92</ele>
   </trkpt>
   <trkpt lat="41.78141" lon="3.03235">
    <ele>8.92</ele>
   </trkpt>
   <trkpt lat="41.781400000000005" lon="3.0332800000000004">
    <ele>8.41</ele>
   </trkpt>
   <trkpt lat="41.78139" lon="3.03419">
    <ele>8.68</ele>
   </trkpt>
   <trkpt lat="41.78137" lon="3.03432">
    <ele>8.68</ele>
   </trkpt>
   <trkpt lat="41.78134" lon="3.0343600000000004">
    <ele>8.68</ele>
   </trkpt>
   <trkpt lat="41.78134" lon="3.0344100000000003">
    <ele>8.540000000000001</ele>
   </trkpt>
   <trkpt lat="41.78125" lon="3.0345700000000004">
    <ele>8.540000000000001</ele>
   </trkpt>
   <trkpt lat="41.78112" lon="3.03472">
    <ele>8.47</ele>
   </trkpt>
   <trkpt lat="41.78108" lon="3.03487">
    <ele>8.47</ele>
   </trkpt>
   <trkpt lat="41.7810350047808" lon="3.035920000723502">
    <ele>8.24</ele>
   </trkpt>
   <trkpt lat="41.78099" lon="3.03697">
    <ele>8.07</ele>
   </trkpt>
   <trkpt lat="41.78094" lon="3.0372000000000003">
    <ele>8.200000000000001</ele>
   </trkpt>
   <trkpt lat="41.78089000000001" lon="3.0373400000000004">
    <ele>8.21</ele>
   </trkpt>
   <trkpt lat="41.78081" lon="3.03745">
    <ele>8.190000000000001</ele>
   </trkpt>
   <trkpt lat="41.78069" lon="3.03756">
    <ele>8.09</ele>
   </trkpt>
   <trkpt lat="41.78027000037667" lon="3.037840001809389">
    <ele>7.78</ele>
   </trkpt>
   <trkpt lat="41.77985" lon="3.03812">
    <ele>8.040000000000001</ele>
   </trkpt>
   <trkpt lat="41.779500000000006" lon="3.03811">
    <ele>8.010000000000002</ele>
   </trkpt>
   <trkpt lat="41.77937" lon="3.0381600000000004">
    <ele>8.010000000000002</ele>
   </trkpt>
   <trkpt lat="41.778940000000006" lon="3.0384200000000003">
    <ele>7.96</ele>
   </trkpt>
   <trkpt lat="41.77884" lon="3.03845">
    <ele>7.96</ele>
   </trkpt>
   <trkpt lat="41.77881" lon="3.03839">
    <ele>7.710000000000001</ele>
   </trkpt>
   <trkpt lat="41.778780000000005" lon="3.0383700000000005">
    <ele>7.710000000000001</ele>
   </trkpt>
   <trkpt lat="41.77875" lon="3.03838">
    <ele>7.74</ele>
   </trkpt>
   <trkpt lat="41.778710000000004" lon="3.03844">
    <ele>7.74</ele>
   </trkpt>
   <trkpt lat="41.778620000000004" lon="3.0384100000000003">
    <ele>7.69</ele>
   </trkpt>
   <trkpt lat="41.778470000000006" lon="3.0383000000000004">
    <ele>7.540000000000001</ele>
   </trkpt>
   <trkpt lat="41.77803" lon="3.03772">
    <ele>6.890000000000001</ele>
   </trkpt>
   <trkpt lat="41.7779" lon="3.03743">
    <ele>6.890000000000001</ele>
   </trkpt>
   <trkpt lat="41.7776800124934" lon="3.0364499899199484">
    <ele>6.750000000000001</ele>
   </trkpt>
   <trkpt lat="41.77746001665855" lon="3.035469986563311">
    <ele>6.630000000000001</ele>
   </trkpt>
   <trkpt lat="41.77724001249561" lon="3.034489989930243">
    <ele>6.4</ele>
   </trkpt>
   <trkpt lat="41.77702" lon="3.03351">
    <ele>6.73</ele>
   </trkpt>
   <trkpt lat="41.777010000000004" lon="3.03351">
    <ele>6.74</ele>
   </trkpt>
   <trkpt lat="41.777232512490805" lon="3.0344899897942264">
    <ele>6.4</ele>
   </trkpt>
   <trkpt lat="41.77745501665361" lon="3.035469986388579">
    <ele>6.630000000000001</ele>
   </trkpt>
   <trkpt lat="41.77767751248831" lon="3.0364499897829043">
    <ele>6.750000000000001</ele>
   </trkpt>
   <trkpt lat="41.7779" lon="3.03743">
    <ele>6.890000000000001</ele>
   </trkpt>
   <trkpt lat="41.77803" lon="3.03772">
    <ele>6.890000000000001</ele>
   </trkpt>
   <trkpt lat="41.778470000000006" lon="3.0383000000000004">
    <ele>7.540000000000001</ele>
   </trkpt>
   <trkpt lat="41.778620000000004" lon="3.0384100000000003">
    <ele>7.69</ele>
   </trkpt>
   <trkpt lat="41.778710000000004" lon="3.03844">
    <ele>7.74</ele>
   </trkpt>
   <trkpt lat="41.77872000000001" lon="3.03851">
    <ele>7.95</ele>
   </trkpt>
   <trkpt lat="41.778760000000005" lon="3.0385400000000002">
    <ele>8.08</ele>
   </trkpt>
   <trkpt lat="41.778800000000004" lon="3.0385400000000002">
    <ele>8.08</ele>
   </trkpt>
   <trkpt lat="41.778830000000006" lon="3.0385000000000004">
    <ele>7.96</ele>
   </trkpt>
   <trkpt lat="41.77884" lon="3.03845">
    <ele>7.96</ele>
   </trkpt>
   <trkpt lat="41.778940000000006" lon="3.0384200000000003">
    <ele>7.95</ele>
   </trkpt>
   <trkpt lat="41.779430000000005" lon="3.03813">
    <ele>8.010000000000002</ele>
   </trkpt>
   <trkpt lat="41.779500000000006" lon="3.03811">
    <ele>8.040000000000001</ele>
   </trkpt>
   <trkpt lat="41.77985" lon="3.03812">
    <ele>8.040000000000001</ele>
   </trkpt>
   <trkpt lat="41.780270000303176" lon="3.0378400018583744">
    <ele>7.78</ele>
   </trkpt>
   <trkpt lat="41.78069" lon="3.03756">
    <ele>8.09</ele>
   </trkpt>
   <trkpt lat="41.78081" lon="3.03745">
    <ele>8.190000000000001</ele>
   </trkpt>
   <trkpt lat="41.78089000000001" lon="3.0373400000000004">
    <ele>8.21</ele>
   </trkpt>
   <trkpt lat="41.78094" lon="3.03718">
    <ele>8.180000000000001</ele>
   </trkpt>
   <trkpt lat="41.78099" lon="3.03697">
    <ele>8.07</ele>
   </trkpt>
   <trkpt lat="41.781000000000006" lon="3.0367">
    <ele>8.030000000000001</ele>
   </trkpt>
   <trkpt lat="41.781040003630125" lon="3.0357850005691476">
    <ele>8.24</ele>
   </trkpt>
   <trkpt lat="41.78108" lon="3.03487">
    <ele>8.47</ele>
   </trkpt>
   <trkpt lat="41.78112" lon="3.03472">
    <ele>8.540000000000001</ele>
   </trkpt>
   <trkpt lat="41.781180000000006" lon="3.03465">
    <ele>8.540000000000001</ele>
   </trkpt>
   <trkpt lat="41.78125" lon="3.0345700000000004">
    <ele>8.540000000000001</ele>
   </trkpt>
   <trkpt lat="41.78139" lon="3.0344700000000002">
    <ele>8.66</ele>
   </trkpt>
   <trkpt lat="41.78143" lon="3.0344700000000002">
    <ele>8.73</ele>
   </trkpt>
   <trkpt lat="41.781470000000006" lon="3.0344200000000003">
    <ele>8.76</ele>
   </trkpt>
   <trkpt lat="41.781470000000006" lon="3.03439">
    <ele>8.76</ele>
   </trkpt>
   <trkpt lat="41.78139" lon="3.03419">
    <ele>8.68</ele>
   </trkpt>
   <trkpt lat="41.78140000366922" lon="3.03327000019895">
    <ele>8.41</ele>
   </trkpt>
   <trkpt lat="41.78141" lon="3.03235">
    <ele>8.92</ele>
   </trkpt>
   <trkpt lat="41.781380000000006" lon="3.0322600000000004">
    <ele>8.92</ele>
   </trkpt>
   <trkpt lat="41.781420000000004" lon="3.0322400000000003">
    <ele>8.98</ele>
   </trkpt>
   <trkpt lat="41.78145000000001" lon="3.0321700000000003">
    <ele>9.06</ele>
   </trkpt>
   <trkpt lat="41.78141" lon="3.03209">
    <ele>9.040000000000001</ele>
   </trkpt>
   <trkpt lat="41.78137" lon="3.03208">
    <ele>9.0</ele>
   </trkpt>
   <trkpt lat="41.781240000000004" lon="3.0319000000000003">
    <ele>8.97</ele>
   </trkpt>
   <trkpt lat="41.78081000696682" lon="3.0311674852432833">
    <ele>8.950000000000001</ele>
   </trkpt>
   <trkpt lat="41.78038000928071" lon="3.0304349803103654">
    <ele>9.160000000000002</ele>
   </trkpt>
   <trkpt lat="41.77995000694181" lon="3.029702485201073">
    <ele>8.06</ele>
   </trkpt>
   <trkpt lat="41.779520000000005" lon="3.02897">
    <ele>8.620000000000001</ele>
   </trkpt>
   <trkpt lat="41.77948000000001" lon="3.02884">
    <ele>8.650000000000002</ele>
   </trkpt>
   <trkpt lat="41.77951" lon="3.0288100000000004">
    <ele>8.71</ele>
   </trkpt>
   <trkpt lat="41.779500000000006" lon="3.0287300000000004">
    <ele>8.71</ele>
   </trkpt>
   <trkpt lat="41.779560000000004" lon="3.02864">
    <ele>8.74</ele>
   </trkpt>
   <trkpt lat="41.77942" lon="3.0287200000000003">
    <ele>8.77</ele>
   </trkpt>
   <trkpt lat="41.77933" lon="3.0287400000000004">
    <ele>8.84</ele>
   </trkpt>
   <trkpt lat="41.77902" lon="3.0287900000000003">
    <ele>9.09</ele>
   </trkpt>
   <trkpt lat="41.77875" lon="3.0288100000000004">
    <ele>9.73</ele>
   </trkpt>
   <trkpt lat="41.77825" lon="3.02891">
    <ele>9.89</ele>
   </trkpt>
   <trkpt lat="41.77803" lon="3.0289200000000003">
    <ele>10.32</ele>
   </trkpt>
   <trkpt lat="41.777910000000006" lon="3.0288800000000005">
    <ele>11.170000000000002</ele>
   </trkpt>
   <trkpt lat="41.77738000023891" lon="3.029035001241533">
    <ele>15.120000000000001</ele>
   </trkpt>
   <trkpt lat="41.77685" lon="3.0291900000000003">
    <ele>19.62</ele>
   </trkpt>
   <trkpt lat="41.776540000000004" lon="3.02929">
    <ele>21.53</ele>
   </trkpt>
   <trkpt lat="41.776320000000005" lon="3.0293400000000004">
    <ele>25.32</ele>
   </trkpt>
   <trkpt lat="41.7762" lon="3.0293400000000004">
    <ele>25.32</ele>
   </trkpt>
   <trkpt lat="41.776120000000006" lon="3.0293200000000002">
    <ele>25.32</ele>
   </trkpt>
   <trkpt lat="41.776030000000006" lon="3.0292000000000003">
    <ele>26.430000000000003</ele>
   </trkpt>
   <trkpt lat="41.77604" lon="3.0291">
    <ele>27.330000000000002</ele>
   </trkpt>
   <trkpt lat="41.77610000000001" lon="3.02904">
    <ele>28.130000000000003</ele>
   </trkpt>
   <trkpt lat="41.776180000000004" lon="3.0290600000000003">
    <ele>28.85</ele>
   </trkpt>
   <trkpt lat="41.776270000000004" lon="3.0291400000000004">
    <ele>28.85</ele>
   </trkpt>
   <trkpt lat="41.776340000000005" lon="3.02916">
    <ele>30.900000000000002</ele>
   </trkpt>
   <trkpt lat="41.77644" lon="3.0291200000000003">
    <ele>30.900000000000002</ele>
   </trkpt>
   <trkpt lat="41.77687" lon="3.02883">
    <ele>35.7</ele>
   </trkpt>
   <trkpt lat="41.777150000000006" lon="3.0286100000000005">
    <ele>37.26</ele>
   </trkpt>
   <trkpt lat="41.77747" lon="3.02829">
    <ele>41.29</ele>
   </trkpt>
   <trkpt lat="41.77752" lon="3.02822">
    <ele>42.02</ele>
   </trkpt>
   <trkpt lat="41.77754" lon="3.0281200000000004">
    <ele>42.02</ele>
   </trkpt>
   <trkpt lat="41.77751000000001" lon="3.0274900000000002">
    <ele>45.50000000000001</ele>
   </trkpt>
   <trkpt lat="41.777440000000006" lon="3.0272900000000003">
    <ele>47.38</ele>
   </trkpt>
   <trkpt lat="41.7774" lon="3.0272500000000004">
    <ele>47.38</ele>
   </trkpt>
   <trkpt lat="41.777330000000006" lon="3.0272300000000003">
    <ele>48.39</ele>
   </trkpt>
   <trkpt lat="41.77725" lon="3.0272500000000004">
    <ele>48.39</ele>
   </trkpt>
   <trkpt lat="41.77704000000001" lon="3.0275200000000004">
    <ele>50.72</ele>
   </trkpt>
   <trkpt lat="41.77694" lon="3.02753">
    <ele>51.81</ele>
   </trkpt>
   <trkpt lat="41.776830000000004" lon="3.0274400000000004">
    <ele>54.13</ele>
   </trkpt>
   <trkpt lat="41.776790000000005" lon="3.02733">
    <ele>54.13</ele>
   </trkpt>
   <trkpt lat="41.776790000000005" lon="3.0270400000000004">
    <ele>56.34</ele>
   </trkpt>
   <trkpt lat="41.77676" lon="3.0269000000000004">
    <ele>56.34</ele>
   </trkpt>
   <trkpt lat="41.77671" lon="3.0268200000000003">
    <ele>57.6</ele>
   </trkpt>
   <trkpt lat="41.77664" lon="3.02678">
    <ele>58.38</ele>
   </trkpt>
   <trkpt lat="41.77658" lon="3.02679">
    <ele>58.38</ele>
   </trkpt>
   <trkpt lat="41.776250000000005" lon="3.02701">
    <ele>61.83</ele>
   </trkpt>
   <trkpt lat="41.77613" lon="3.0271600000000003">
    <ele>63.18</ele>
   </trkpt>
   <trkpt lat="41.77609" lon="3.02727">
    <ele>63.69000000000001</ele>
   </trkpt>
   <trkpt lat="41.77611" lon="3.0274">
    <ele>64.11</ele>
   </trkpt>
   <trkpt lat="41.77628000000001" lon="3.0277800000000004">
    <ele>64.80000000000001</ele>
   </trkpt>
   <trkpt lat="41.77628000000001" lon="3.0279200000000004">
    <ele>65.02000000000001</ele>
   </trkpt>
   <trkpt lat="41.776230000000005" lon="3.02803">
    <ele>65.33</ele>
   </trkpt>
   <trkpt lat="41.776180000000004" lon="3.02808">
    <ele>65.33</ele>
   </trkpt>
   <trkpt lat="41.77604" lon="3.0281100000000003">
    <ele>66.18</ele>
   </trkpt>
   <trkpt lat="41.77597" lon="3.02809">
    <ele>66.67</ele>
   </trkpt>
   <trkpt lat="41.775890000000004" lon="3.02803">
    <ele>66.94</ele>
   </trkpt>
   <trkpt lat="41.77555" lon="3.0275100000000004">
    <ele>71.61</ele>
   </trkpt>
   <trkpt lat="41.77555" lon="3.0275000000000003">
    <ele>71.65</ele>
   </trkpt>
   <trkpt lat="41.775400000000005" lon="3.02726">
    <ele>73.55</ele>
   </trkpt>
   <trkpt lat="41.775330000000004" lon="3.0271100000000004">
    <ele>76.19000000000001</ele>
   </trkpt>
   <trkpt lat="41.77532" lon="3.0269600000000003">
    <ele>77.21</ele>
   </trkpt>
   <trkpt lat="41.77521" lon="3.02694">
    <ele>78.15</ele>
   </trkpt>
   <trkpt lat="41.77516000000001" lon="3.027">
    <ele>79.01</ele>
   </trkpt>
   <trkpt lat="41.77517" lon="3.02706">
    <ele>79.01</ele>
   </trkpt>
   <trkpt lat="41.775240000000004" lon="3.0272400000000004">
    <ele>80.15</ele>
   </trkpt>
   <trkpt lat="41.77521" lon="3.0273200000000005">
    <ele>81.79</ele>
   </trkpt>
   <trkpt lat="41.77517" lon="3.02735">
    <ele>81.79</ele>
   </trkpt>
   <trkpt lat="41.775130000000004" lon="3.02734">
    <ele>81.79</ele>
   </trkpt>
   <trkpt lat="41.77512" lon="3.02734">
    <ele>81.74000000000001</ele>
   </trkpt>
   <trkpt lat="41.7751" lon="3.0273000000000003">
    <ele>81.74000000000001</ele>
   </trkpt>
   <trkpt lat="41.77507000000001" lon="3.02708">
    <ele>82.92</ele>
   </trkpt>
   <trkpt lat="41.775020000000005" lon="3.0270400000000004">
    <ele>82.92</ele>
   </trkpt>
   <trkpt lat="41.774930000000005" lon="3.02706">
    <ele>84.83</ele>
   </trkpt>
   <trkpt lat="41.7749" lon="3.0271000000000003">
    <ele>84.83</ele>
   </trkpt>
   <trkpt lat="41.77488" lon="3.02726">
    <ele>84.83</ele>
   </trkpt>
   <trkpt lat="41.774820000000005" lon="3.0275000000000003">
    <ele>87.36</ele>
   </trkpt>
   <trkpt lat="41.774680000000004" lon="3.0277600000000002">
    <ele>88.0</ele>
   </trkpt>
   <trkpt lat="41.774680000000004" lon="3.0277700000000003">
    <ele>88.01</ele>
   </trkpt>
   <trkpt lat="41.774820000000005" lon="3.0275000000000003">
    <ele>87.36</ele>
   </trkpt>
   <trkpt lat="41.77488" lon="3.02726">
    <ele>84.83</ele>
   </trkpt>
   <trkpt lat="41.7749" lon="3.0271000000000003">
    <ele>84.83</ele>
   </trkpt>
   <trkpt lat="41.774930000000005" lon="3.02706">
    <ele>84.83</ele>
   </trkpt>
   <trkpt lat="41.775020000000005" lon="3.0270400000000004">
    <ele>82.92</ele>
   </trkpt>
   <trkpt lat="41.77507000000001" lon="3.02708">
    <ele>82.92</ele>
   </trkpt>
   <trkpt lat="41.7751" lon="3.0273000000000003">
    <ele>81.71000000000001</ele>
   </trkpt>
   <trkpt lat="41.77512" lon="3.02734">
    <ele>81.71000000000001</ele>
   </trkpt>
   <trkpt lat="41.77517" lon="3.02735">
    <ele>81.71000000000001</ele>
   </trkpt>
   <trkpt lat="41.77521" lon="3.0273200000000005">
    <ele>80.15</ele>
   </trkpt>
   <trkpt lat="41.775240000000004" lon="3.0272400000000004">
    <ele>80.15</ele>
   </trkpt>
   <trkpt lat="41.77516000000001" lon="3.027">
    <ele>79.01</ele>
   </trkpt>
   <trkpt lat="41.77521" lon="3.02694">
    <ele>78.15</ele>
   </trkpt>
   <trkpt lat="41.77532" lon="3.0269600000000003">
    <ele>77.21</ele>
   </trkpt>
   <trkpt lat="41.77535" lon="3.0269000000000004">
    <ele>77.14</ele>
   </trkpt>
   <trkpt lat="41.77543" lon="3.0268400000000004">
    <ele>76.83000000000001</ele>
   </trkpt>
   <trkpt lat="41.7757" lon="3.0267600000000003">
    <ele>75.2</ele>
   </trkpt>
   <trkpt lat="41.77595" lon="3.0267000000000004">
    <ele>75.09</ele>
   </trkpt>
   <trkpt lat="41.77599" lon="3.02666">
    <ele>75.09</ele>
   </trkpt>
   <trkpt lat="41.77602" lon="3.02659">
    <ele>75.24</ele>
   </trkpt>
   <trkpt lat="41.77601000000001" lon="3.0265000000000004">
    <ele>75.31</ele>
   </trkpt>
   <trkpt lat="41.77577" lon="3.02552">
    <ele>80.0</ele>
   </trkpt>
   <trkpt lat="41.775760000000005" lon="3.0254200000000004">
    <ele>80.26</ele>
   </trkpt>
   <trkpt lat="41.775800000000004" lon="3.02504">
    <ele>82.03</ele>
   </trkpt>
   <trkpt lat="41.77579" lon="3.0249400000000004">
    <ele>82.55000000000001</ele>
   </trkpt>
   <trkpt lat="41.775580000000005" lon="3.0246100000000005">
    <ele>83.5</ele>
   </trkpt>
   <trkpt lat="41.77555" lon="3.0245300000000004">
    <ele>83.79</ele>
   </trkpt>
   <trkpt lat="41.77554000000001" lon="3.02442">
    <ele>83.79</ele>
   </trkpt>
   <trkpt lat="41.775560000000006" lon="3.0241800000000003">
    <ele>84.30000000000001</ele>
   </trkpt>
   <trkpt lat="41.77554000000001" lon="3.02409">
    <ele>84.30000000000001</ele>
   </trkpt>
   <trkpt lat="41.77517" lon="3.0239000000000003">
    <ele>86.13000000000001</ele>
   </trkpt>
   <trkpt lat="41.77496" lon="3.02362">
    <ele>88.94</ele>
   </trkpt>
   <trkpt lat="41.77496" lon="3.02361">
    <ele>89.06000000000002</ele>
   </trkpt>
   <trkpt lat="41.774770000000004" lon="3.0233600000000003">
    <ele>91.13</ele>
   </trkpt>
   <trkpt lat="41.774730000000005" lon="3.02326">
    <ele>91.7</ele>
   </trkpt>
   <trkpt lat="41.774730000000005" lon="3.0230300000000003">
    <ele>91.7</ele>
   </trkpt>
   <trkpt lat="41.774820000000005" lon="3.02266">
    <ele>91.81</ele>
   </trkpt>
   <trkpt lat="41.77483" lon="3.0222700000000002">
    <ele>91.97000000000001</ele>
   </trkpt>
   <trkpt lat="41.77479500215797" lon="3.021564999676044">
    <ele>92.62</ele>
   </trkpt>
   <trkpt lat="41.77476" lon="3.0208600000000003">
    <ele>93.92</ele>
   </trkpt>
   <trkpt lat="41.77469000000001" lon="3.0197800000000004">
    <ele>96.21000000000001</ele>
   </trkpt>
   <trkpt lat="41.77459" lon="3.0195000000000003">
    <ele>97.08000000000001</ele>
   </trkpt>
   <trkpt lat="41.77447" lon="3.01928">
    <ele>98.56</ele>
   </trkpt>
   <trkpt lat="41.7744" lon="3.01906">
    <ele>98.56</ele>
   </trkpt>
   <trkpt lat="41.774440000000006" lon="3.0186900000000003">
    <ele>99.25</ele>
   </trkpt>
   <trkpt lat="41.77451000000001" lon="3.0184400000000005">
    <ele>100.17</ele>
   </trkpt>
   <trkpt lat="41.77454" lon="3.0184300000000004">
    <ele>100.24000000000001</ele>
   </trkpt>
   <trkpt lat="41.77454" lon="3.01838">
    <ele>100.24000000000001</ele>
   </trkpt>
   <trkpt lat="41.77494" lon="3.01805">
    <ele>101.69</ele>
   </trkpt>
   <trkpt lat="41.77507000000001" lon="3.01786">
    <ele>102.63000000000001</ele>
   </trkpt>
   <trkpt lat="41.77506" lon="3.01777">
    <ele>102.63000000000001</ele>
   </trkpt>
   <trkpt lat="41.774980000000006" lon="3.0175400000000003">
    <ele>103.56000000000002</ele>
   </trkpt>
   <trkpt lat="41.774660000000004" lon="3.01698">
    <ele>106.41</ele>
   </trkpt>
   <trkpt lat="41.774570000000004" lon="3.0167400000000004">
    <ele>106.41</ele>
   </trkpt>
   <trkpt lat="41.77454" lon="3.0165400000000004">
    <ele>108.01</ele>
   </trkpt>
   <trkpt lat="41.77459" lon="3.01635">
    <ele>108.01</ele>
   </trkpt>
   <trkpt lat="41.77465" lon="3.01622">
    <ele>108.01</ele>
   </trkpt>
   <trkpt lat="41.774770000000004" lon="3.0160600000000004">
    <ele>109.9</ele>
   </trkpt>
   <trkpt lat="41.774950000000004" lon="3.0159100000000003">
    <ele>110.68</ele>
   </trkpt>
   <trkpt lat="41.775040000000004" lon="3.01581">
    <ele>110.68</ele>
   </trkpt>
   <trkpt lat="41.77516000000001" lon="3.0151600000000003">
    <ele>112.69000000000001</ele>
   </trkpt>
   <trkpt lat="41.77541" lon="3.01493">
    <ele>113.87</ele>
   </trkpt>
   <trkpt lat="41.77552" lon="3.0148">
    <ele>114.42</ele>
   </trkpt>
   <trkpt lat="41.775650000000006" lon="3.0143700000000004">
    <ele>115.83000000000001</ele>
   </trkpt>
   <trkpt lat="41.776030000000006" lon="3.0136000000000003">
    <ele>119.96000000000001</ele>
   </trkpt>
   <trkpt lat="41.776070000000004" lon="3.0133400000000004">
    <ele>120.70000000000002</ele>
   </trkpt>
   <trkpt lat="41.77597" lon="3.0133">
    <ele>120.57000000000001</ele>
   </trkpt>
   <trkpt lat="41.775960000000005" lon="3.0133">
    <ele>120.57000000000001</ele>
   </trkpt>
   <trkpt lat="41.775260001044586" lon="3.0127999945148827">
    <ele>119.55</ele>
   </trkpt>
   <trkpt lat="41.77456" lon="3.0123">
    <ele>118.39</ele>
   </trkpt>
   <trkpt lat="41.773720000000004" lon="3.0119000000000002">
    <ele>116.87000000000002</ele>
   </trkpt>
   <trkpt lat="41.77362" lon="3.01181">
    <ele>116.63000000000001</ele>
   </trkpt>
   <trkpt lat="41.773540000000004" lon="3.0117100000000003">
    <ele>116.42</ele>
   </trkpt>
   <trkpt lat="41.773300000000006" lon="3.0111600000000003">
    <ele>115.95</ele>
   </trkpt>
   <trkpt lat="41.77324" lon="3.01094">
    <ele>115.7</ele>
   </trkpt>
   <trkpt lat="41.77317" lon="3.01054">
    <ele>115.18</ele>
   </trkpt>
   <trkpt lat="41.773160000000004" lon="3.01026">
    <ele>114.41000000000001</ele>
   </trkpt>
   <trkpt lat="41.77319000000001" lon="3.00972">
    <ele>112.72000000000001</ele>
   </trkpt>
   <trkpt lat="41.77322" lon="3.0095400000000003">
    <ele>111.60000000000001</ele>
   </trkpt>
   <trkpt lat="41.773270000000004" lon="3.00944">
    <ele>111.60000000000001</ele>
   </trkpt>
   <trkpt lat="41.773340000000005" lon="3.00937">
    <ele>111.18</ele>
   </trkpt>
   <trkpt lat="41.77346" lon="3.00937">
    <ele>110.74000000000001</ele>
   </trkpt>
   <trkpt lat="41.77371" lon="3.0095400000000003">
    <ele>109.48</ele>
   </trkpt>
   <trkpt lat="41.77387" lon="3.0096000000000003">
    <ele>107.98</ele>
   </trkpt>
   <trkpt lat="41.773920000000004" lon="3.0096000000000003">
    <ele>107.98</ele>
   </trkpt>
   <trkpt lat="41.77403" lon="3.0095500000000004">
    <ele>107.98</ele>
   </trkpt>
   <trkpt lat="41.774100000000004" lon="3.00943">
    <ele>105.77</ele>
   </trkpt>
   <trkpt lat="41.77418" lon="3.0092000000000003">
    <ele>105.77</ele>
   </trkpt>
   <trkpt lat="41.77431000000001" lon="3.0087">
    <ele>103.71000000000001</ele>
   </trkpt>
   <trkpt lat="41.774370000000005" lon="3.0086000000000004">
    <ele>102.71000000000001</ele>
   </trkpt>
   <trkpt lat="41.774480000000004" lon="3.0085">
    <ele>102.01</ele>
   </trkpt>
   <trkpt lat="41.77467" lon="3.0083800000000003">
    <ele>101.04</ele>
   </trkpt>
   <trkpt lat="41.77503" lon="3.0080400000000003">
    <ele>99.96000000000001</ele>
   </trkpt>
   <trkpt lat="41.77535" lon="3.0079000000000002">
    <ele>99.78</ele>
   </trkpt>
   <trkpt lat="41.77543" lon="3.0078400000000003">
    <ele>99.87000000000002</ele>
   </trkpt>
   <trkpt lat="41.775760000000005" lon="3.0074600000000005">
    <ele>100.36</ele>
   </trkpt>
   <trkpt lat="41.77581" lon="3.00733">
    <ele>100.99000000000001</ele>
   </trkpt>
   <trkpt lat="41.775830000000006" lon="3.00713">
    <ele>100.99000000000001</ele>
   </trkpt>
   <trkpt lat="41.77577" lon="3.0069500000000002">
    <ele>101.46000000000001</ele>
   </trkpt>
   <trkpt lat="41.77564" lon="3.00672">
    <ele>101.51</ele>
   </trkpt>
   <trkpt lat="41.77554000000001" lon="3.0066">
    <ele>101.77000000000001</ele>
   </trkpt>
   <trkpt lat="41.77537" lon="3.0064800000000003">
    <ele>101.81000000000002</ele>
   </trkpt>
   <trkpt lat="41.77501" lon="3.0063700000000004">
    <ele>101.79</ele>
   </trkpt>
   <trkpt lat="41.7749" lon="3.00632">
    <ele>101.79</ele>
   </trkpt>
   <trkpt lat="41.774730000000005" lon="3.0061500000000003">
    <ele>101.95000000000002</ele>
   </trkpt>
   <trkpt lat="41.77456" lon="3.0058700000000003">
    <ele>102.10000000000001</ele>
   </trkpt>
   <trkpt lat="41.77451000000001" lon="3.0058200000000004">
    <ele>102.10000000000001</ele>
   </trkpt>
   <trkpt lat="41.774370000000005" lon="3.0058000000000002">
    <ele>102.28</ele>
   </trkpt>
   <trkpt lat="41.77409" lon="3.00584">
    <ele>102.85000000000001</ele>
   </trkpt>
   <trkpt lat="41.77402" lon="3.00585">
    <ele>103.58</ele>
   </trkpt>
   <trkpt lat="41.7738" lon="3.00578">
    <ele>104.24000000000001</ele>
   </trkpt>
   <trkpt lat="41.77371" lon="3.0057">
    <ele>104.24000000000001</ele>
   </trkpt>
   <trkpt lat="41.773160000000004" lon="3.0050600000000003">
    <ele>107.02</ele>
   </trkpt>
   <trkpt lat="41.772960000000005" lon="3.0049300000000003">
    <ele>107.56</ele>
   </trkpt>
   <trkpt lat="41.77282" lon="3.00476">
    <ele>108.78000000000002</ele>
   </trkpt>
   <trkpt lat="41.77275" lon="3.00457">
    <ele>109.66000000000001</ele>
   </trkpt>
   <trkpt lat="41.772580000000005" lon="3.00387">
    <ele>112.34</ele>
   </trkpt>
   <trkpt lat="41.772580000000005" lon="3.0035100000000003">
    <ele>113.34</ele>
   </trkpt>
   <trkpt lat="41.77252" lon="3.0033800000000004">
    <ele>113.66000000000001</ele>
   </trkpt>
   <trkpt lat="41.772450000000006" lon="3.00334">
    <ele>113.93</ele>
   </trkpt>
   <trkpt lat="41.772200000000005" lon="3.0033000000000003">
    <ele>115.22</ele>
   </trkpt>
   <trkpt lat="41.7721" lon="3.0032500000000004">
    <ele>115.22</ele>
   </trkpt>
   <trkpt lat="41.77177500132981" lon="3.0027299976172745">
    <ele>116.87000000000002</ele>
   </trkpt>
   <trkpt lat="41.77145" lon="3.0022100000000003">
    <ele>118.87</ele>
   </trkpt>
   <trkpt lat="41.77122000000001" lon="3.0019600000000004">
    <ele>120.32000000000001</ele>
   </trkpt>
   <trkpt lat="41.770860000000006" lon="3.0015">
    <ele>122.58000000000001</ele>
   </trkpt>
   <trkpt lat="41.770790000000005" lon="3.00145">
    <ele>122.99000000000001</ele>
   </trkpt>
   <trkpt lat="41.77069" lon="3.0014100000000004">
    <ele>124.08000000000001</ele>
   </trkpt>
   <trkpt lat="41.770450000000004" lon="3.0014100000000004">
    <ele>124.87</ele>
   </trkpt>
   <trkpt lat="41.77033" lon="3.0013400000000003">
    <ele>124.87</ele>
   </trkpt>
   <trkpt lat="41.770100000000006" lon="3.0009300000000003">
    <ele>127.02000000000002</ele>
   </trkpt>
   <trkpt lat="41.76997" lon="3.0007800000000002">
    <ele>127.37</ele>
   </trkpt>
   <trkpt lat="41.76975" lon="3.00064">
    <ele>128.57000000000002</ele>
   </trkpt>
   <trkpt lat="41.76959" lon="3.00057">
    <ele>128.57000000000002</ele>
   </trkpt>
   <trkpt lat="41.769400000000005" lon="3.0005300000000004">
    <ele>129.70000000000002</ele>
   </trkpt>
   <trkpt lat="41.769130000000004" lon="3.00056">
    <ele>130.9</ele>
   </trkpt>
   <trkpt lat="41.76892" lon="3.00056">
    <ele>130.9</ele>
   </trkpt>
   <trkpt lat="41.76874" lon="3.0004700000000004">
    <ele>132.75</ele>
   </trkpt>
   <trkpt lat="41.76867" lon="3.0004100000000005">
    <ele>132.75</ele>
   </trkpt>
   <trkpt lat="41.768440000000005" lon="3.00008">
    <ele>133.70000000000002</ele>
   </trkpt>
   <trkpt lat="41.76816" lon="2.9997900000000004">
    <ele>134.66</ele>
   </trkpt>
   <trkpt lat="41.768080000000005" lon="2.9996400000000003">
    <ele>135.34</ele>
   </trkpt>
   <trkpt lat="41.767920000000004" lon="2.9992400000000004">
    <ele>136.3</ele>
   </trkpt>
   <trkpt lat="41.76774" lon="2.9989500000000002">
    <ele>136.3</ele>
   </trkpt>
   <trkpt lat="41.767570000000006" lon="2.99879">
    <ele>137.01000000000002</ele>
   </trkpt>
   <trkpt lat="41.76731" lon="2.99865">
    <ele>137.93000000000004</ele>
   </trkpt>
   <trkpt lat="41.767210000000006" lon="2.99853">
    <ele>138.01000000000002</ele>
   </trkpt>
   <trkpt lat="41.76718" lon="2.99845">
    <ele>138.22</ele>
   </trkpt>
   <trkpt lat="41.7672" lon="2.9982100000000003">
    <ele>138.29000000000002</ele>
   </trkpt>
   <trkpt lat="41.767320000000005" lon="2.9978700000000003">
    <ele>138.3</ele>
   </trkpt>
   <trkpt lat="41.767390000000006" lon="2.9977400000000003">
    <ele>138.25</ele>
   </trkpt>
   <trkpt lat="41.76765" lon="2.9974900000000004">
    <ele>137.95000000000002</ele>
   </trkpt>
   <trkpt lat="41.76771" lon="2.99731">
    <ele>137.69</ele>
   </trkpt>
   <trkpt lat="41.76771" lon="2.9971">
    <ele>137.17000000000002</ele>
   </trkpt>
   <trkpt lat="41.76767" lon="2.9970200000000005">
    <ele>136.61</ele>
   </trkpt>
   <trkpt lat="41.767500000000005" lon="2.99683">
    <ele>135.28</ele>
   </trkpt>
   <trkpt lat="41.76746000000001" lon="2.99675">
    <ele>135.28</ele>
   </trkpt>
   <trkpt lat="41.76746000000001" lon="2.9965900000000003">
    <ele>135.28</ele>
   </trkpt>
   <trkpt lat="41.76756" lon="2.9961800000000003">
    <ele>131.16</ele>
   </trkpt>
   <trkpt lat="41.767680000000006" lon="2.99596">
    <ele>131.16</ele>
   </trkpt>
   <trkpt lat="41.76773" lon="2.99582">
    <ele>129.5</ele>
   </trkpt>
   <trkpt lat="41.76776" lon="2.9954400000000003">
    <ele>128.71</ele>
   </trkpt>
   <trkpt lat="41.767720000000004" lon="2.9950500000000004">
    <ele>126.85000000000002</ele>
   </trkpt>
   <trkpt lat="41.767770000000006" lon="2.99492">
    <ele>125.98</ele>
   </trkpt>
   <trkpt lat="41.76785" lon="2.9948500000000005">
    <ele>124.44000000000001</ele>
   </trkpt>
   <trkpt lat="41.76791" lon="2.9948400000000004">
    <ele>124.44000000000001</ele>
   </trkpt>
   <trkpt lat="41.768040000000006" lon="2.99487">
    <ele>123.71000000000001</ele>
   </trkpt>
   <trkpt lat="41.7682" lon="2.9949500000000002">
    <ele>121.77</ele>
   </trkpt>
   <trkpt lat="41.768260000000005" lon="2.99494">
    <ele>121.77</ele>
   </trkpt>
   <trkpt lat="41.768330000000006" lon="2.9948900000000003">
    <ele>121.75000000000001</ele>
   </trkpt>
   <trkpt lat="41.768370000000004" lon="2.99472">
    <ele>121.75000000000001</ele>
   </trkpt>
   <trkpt lat="41.768390000000004" lon="2.9944900000000003">
    <ele>119.06000000000002</ele>
   </trkpt>
   <trkpt lat="41.768480000000004" lon="2.99413">
    <ele>117.95000000000002</ele>
   </trkpt>
   <trkpt lat="41.768480000000004" lon="2.99384">
    <ele>115.62000000000002</ele>
   </trkpt>
   <trkpt lat="41.7685" lon="2.9937500000000004">
    <ele>115.62000000000002</ele>
   </trkpt>
   <trkpt lat="41.76854" lon="2.9936700000000003">
    <ele>115.62000000000002</ele>
   </trkpt>
   <trkpt lat="41.768660000000004" lon="2.9935500000000004">
    <ele>115.62000000000002</ele>
   </trkpt>
   <trkpt lat="41.76928" lon="2.9928000000000003">
    <ele>111.63000000000001</ele>
   </trkpt>
   <trkpt lat="41.76943000000001" lon="2.99264">
    <ele>111.48</ele>
   </trkpt>
   <trkpt lat="41.76975" lon="2.9919900000000004">
    <ele>111.87</ele>
   </trkpt>
   <trkpt lat="41.769760000000005" lon="2.9918600000000004">
    <ele>112.21000000000001</ele>
   </trkpt>
   <trkpt lat="41.769740000000006" lon="2.99181">
    <ele>112.36000000000001</ele>
   </trkpt>
   <trkpt lat="41.76963000000001" lon="2.99168">
    <ele>112.99000000000001</ele>
   </trkpt>
   <trkpt lat="41.769510000000004" lon="2.99167">
    <ele>112.99000000000001</ele>
   </trkpt>
   <trkpt lat="41.76915" lon="2.99175">
    <ele>114.74000000000001</ele>
   </trkpt>
   <trkpt lat="41.76897" lon="2.99176">
    <ele>116.08</ele>
   </trkpt>
   <trkpt lat="41.76885" lon="2.99187">
    <ele>116.08</ele>
   </trkpt>
   <trkpt lat="41.76869000000001" lon="2.99209">
    <ele>117.52000000000001</ele>
   </trkpt>
   <trkpt lat="41.76825" lon="2.9924000000000004">
    <ele>121.27000000000001</ele>
   </trkpt>
   <trkpt lat="41.768100000000004" lon="2.9924600000000003">
    <ele>121.27000000000001</ele>
   </trkpt>
   <trkpt lat="41.768040000000006" lon="2.9924600000000003">
    <ele>121.27000000000001</ele>
   </trkpt>
   <trkpt lat="41.76794" lon="2.9924000000000004">
    <ele>122.59</ele>
   </trkpt>
   <trkpt lat="41.76782" lon="2.9922400000000002">
    <ele>122.59</ele>
   </trkpt>
   <trkpt lat="41.76773" lon="2.99217">
    <ele>122.59</ele>
   </trkpt>
   <trkpt lat="41.76751" lon="2.99216">
    <ele>124.85000000000001</ele>
   </trkpt>
   <trkpt lat="41.767320000000005" lon="2.99203">
    <ele>125.81</ele>
   </trkpt>
   <trkpt lat="41.767100000000006" lon="2.9919300000000004">
    <ele>127.08</ele>
   </trkpt>
   <trkpt lat="41.76699000000001" lon="2.9919000000000002">
    <ele>127.82000000000001</ele>
   </trkpt>
   <trkpt lat="41.766940000000005" lon="2.9919100000000003">
    <ele>127.82000000000001</ele>
   </trkpt>
   <trkpt lat="41.76686" lon="2.99196">
    <ele>128.28</ele>
   </trkpt>
   <trkpt lat="41.76673" lon="2.9921200000000003">
    <ele>129.39000000000001</ele>
   </trkpt>
   <trkpt lat="41.76666" lon="2.99217">
    <ele>129.39000000000001</ele>
   </trkpt>
   <trkpt lat="41.76662" lon="2.9921900000000003">
    <ele>129.88000000000002</ele>
   </trkpt>
   <trkpt lat="41.766510000000004" lon="2.9922000000000004">
    <ele>130.44</ele>
   </trkpt>
   <trkpt lat="41.76632" lon="2.9921900000000003">
    <ele>131.98000000000002</ele>
   </trkpt>
   <trkpt lat="41.766200000000005" lon="2.9922700000000004">
    <ele>132.69</ele>
   </trkpt>
   <trkpt lat="41.76606" lon="2.9924500000000003">
    <ele>134.6</ele>
   </trkpt>
   <trkpt lat="41.76601" lon="2.9924700000000004">
    <ele>135.3</ele>
   </trkpt>
   <trkpt lat="41.765950000000004" lon="2.9924600000000003">
    <ele>135.3</ele>
   </trkpt>
   <trkpt lat="41.76586" lon="2.99237">
    <ele>136.65</ele>
   </trkpt>
   <trkpt lat="41.76576" lon="2.9920500000000003">
    <ele>137.3</ele>
   </trkpt>
   <trkpt lat="41.76568" lon="2.9919000000000002">
    <ele>140.14000000000001</ele>
   </trkpt>
   <trkpt lat="41.76559" lon="2.9917700000000003">
    <ele>140.14000000000001</ele>
   </trkpt>
   <trkpt lat="41.76547" lon="2.9917100000000003">
    <ele>140.74</ele>
   </trkpt>
   <trkpt lat="41.765390000000004" lon="2.9917200000000004">
    <ele>141.3</ele>
   </trkpt>
   <trkpt lat="41.7652" lon="2.99182">
    <ele>142.56000000000003</ele>
   </trkpt>
   <trkpt lat="41.765100000000004" lon="2.99181">
    <ele>143.62000000000003</ele>
   </trkpt>
   <trkpt lat="41.764970000000005" lon="2.9918400000000003">
    <ele>143.62000000000003</ele>
   </trkpt>
   <trkpt lat="41.764920000000004" lon="2.99187">
    <ele>143.62000000000003</ele>
   </trkpt>
   <trkpt lat="41.764720000000004" lon="2.9921">
    <ele>146.23</ele>
   </trkpt>
   <trkpt lat="41.764500000000005" lon="2.99221">
    <ele>148.58</ele>
   </trkpt>
   <trkpt lat="41.76442" lon="2.9922400000000002">
    <ele>148.58</ele>
   </trkpt>
   <trkpt lat="41.76431" lon="2.9922400000000002">
    <ele>148.58</ele>
   </trkpt>
   <trkpt lat="41.7642" lon="2.9921900000000003">
    <ele>149.99</ele>
   </trkpt>
   <trkpt lat="41.764050000000005" lon="2.9919900000000004">
    <ele>151.54</ele>
   </trkpt>
   <trkpt lat="41.76397" lon="2.99181">
    <ele>151.54</ele>
   </trkpt>
   <trkpt lat="41.763720000000006" lon="2.99066">
    <ele>152.77</ele>
   </trkpt>
   <trkpt lat="41.763720000000006" lon="2.99047">
    <ele>152.75000000000003</ele>
   </trkpt>
   <trkpt lat="41.76379" lon="2.99034">
    <ele>152.7</ele>
   </trkpt>
   <trkpt lat="41.764010000000006" lon="2.9901500000000003">
    <ele>152.31</ele>
   </trkpt>
   <trkpt lat="41.76408" lon="2.9900700000000002">
    <ele>152.31</ele>
   </trkpt>
   <trkpt lat="41.76415" lon="2.9898800000000003">
    <ele>151.65</ele>
   </trkpt>
   <trkpt lat="41.764190000000006" lon="2.98883">
    <ele>150.13000000000002</ele>
   </trkpt>
   <trkpt lat="41.764210000000006" lon="2.9887200000000003">
    <ele>150.13000000000002</ele>
   </trkpt>
   <trkpt lat="41.764300000000006" lon="2.9884100000000005">
    <ele>149.59</ele>
   </trkpt>
   <trkpt lat="41.76429" lon="2.9882400000000002">
    <ele>149.48</ele>
   </trkpt>
   <trkpt lat="41.76426" lon="2.9881900000000003">
    <ele>149.48</ele>
   </trkpt>
   <trkpt lat="41.764160000000004" lon="2.98809">
    <ele>149.42000000000002</ele>
   </trkpt>
   <trkpt lat="41.76406" lon="2.9880700000000004">
    <ele>149.42000000000002</ele>
   </trkpt>
   <trkpt lat="41.76393" lon="2.98817">
    <ele>149.12</ele>
   </trkpt>
   <trkpt lat="41.763740000000006" lon="2.98837">
    <ele>149.12</ele>
   </trkpt>
   <trkpt lat="41.763490000000004" lon="2.9888100000000004">
    <ele>148.86</ele>
   </trkpt>
   <trkpt lat="41.76339" lon="2.9888800000000004">
    <ele>148.86</ele>
   </trkpt>
   <trkpt lat="41.763000000000005" lon="2.98896">
    <ele>148.58</ele>
   </trkpt>
   <trkpt lat="41.76292" lon="2.9889400000000004">
    <ele>148.58</ele>
   </trkpt>
   <trkpt lat="41.76287000000001" lon="2.98891">
    <ele>148.58</ele>
   </trkpt>
   <trkpt lat="41.76268" lon="2.98857">
    <ele>147.95000000000002</ele>
   </trkpt>
   <trkpt lat="41.762600000000006" lon="2.9883900000000003">
    <ele>147.95000000000002</ele>
   </trkpt>
   <trkpt lat="41.762570000000004" lon="2.98828">
    <ele>147.82</ele>
   </trkpt>
   <trkpt lat="41.76254" lon="2.98782">
    <ele>146.96</ele>
   </trkpt>
   <trkpt lat="41.762600000000006" lon="2.9871700000000003">
    <ele>145.3</ele>
   </trkpt>
   <trkpt lat="41.76287000000001" lon="2.98647">
    <ele>141.47</ele>
   </trkpt>
   <trkpt lat="41.76288" lon="2.98618">
    <ele>140.98000000000002</ele>
   </trkpt>
   <trkpt lat="41.762930000000004" lon="2.9860300000000004">
    <ele>140.20000000000002</ele>
   </trkpt>
   <trkpt lat="41.763020000000004" lon="2.9859600000000004">
    <ele>139.6</ele>
   </trkpt>
   <trkpt lat="41.7631" lon="2.9859600000000004">
    <ele>139.27</ele>
   </trkpt>
   <trkpt lat="41.76328" lon="2.9861000000000004">
    <ele>137.5</ele>
   </trkpt>
   <trkpt lat="41.763400000000004" lon="2.98612">
    <ele>137.5</ele>
   </trkpt>
   <trkpt lat="41.763490000000004" lon="2.98611">
    <ele>135.12</ele>
   </trkpt>
   <trkpt lat="41.76359" lon="2.98605">
    <ele>135.12</ele>
   </trkpt>
   <trkpt lat="41.763690000000004" lon="2.9858200000000004">
    <ele>133.34</ele>
   </trkpt>
   <trkpt lat="41.763780000000004" lon="2.98545">
    <ele>131.47</ele>
   </trkpt>
   <trkpt lat="41.76377" lon="2.9853300000000003">
    <ele>131.47</ele>
   </trkpt>
   <trkpt lat="41.7637" lon="2.98505">
    <ele>128.09</ele>
   </trkpt>
   <trkpt lat="41.76373" lon="2.9848000000000003">
    <ele>127.47</ele>
   </trkpt>
   <trkpt lat="41.763720000000006" lon="2.98462">
    <ele>126.68</ele>
   </trkpt>
   <trkpt lat="41.76359" lon="2.9842700000000004">
    <ele>125.34</ele>
   </trkpt>
   <trkpt lat="41.763540000000006" lon="2.98417">
    <ele>125.34</ele>
   </trkpt>
   <trkpt lat="41.76346" lon="2.98408">
    <ele>124.33000000000001</ele>
   </trkpt>
   <trkpt lat="41.76328" lon="2.9840400000000002">
    <ele>123.9</ele>
   </trkpt>
   <trkpt lat="41.763200000000005" lon="2.98394">
    <ele>123.9</ele>
   </trkpt>
   <trkpt lat="41.763110000000005" lon="2.98369">
    <ele>122.29</ele>
   </trkpt>
   <trkpt lat="41.76303" lon="2.98356">
    <ele>121.24000000000001</ele>
   </trkpt>
   <trkpt lat="41.76297" lon="2.9833900000000004">
    <ele>120.78000000000002</ele>
   </trkpt>
   <trkpt lat="41.76299" lon="2.9832">
    <ele>119.34000000000002</ele>
   </trkpt>
   <trkpt lat="41.76324" lon="2.9825500000000003">
    <ele>117.14</ele>
   </trkpt>
   <trkpt lat="41.763270000000006" lon="2.9825100000000004">
    <ele>117.14</ele>
   </trkpt>
   <trkpt lat="41.76332" lon="2.9824900000000003">
    <ele>116.88000000000001</ele>
   </trkpt>
   <trkpt lat="41.763540000000006" lon="2.9824800000000002">
    <ele>116.32000000000001</ele>
   </trkpt>
   <trkpt lat="41.76361" lon="2.9824400000000004">
    <ele>113.95</ele>
   </trkpt>
   <trkpt lat="41.763670000000005" lon="2.98234">
    <ele>113.95</ele>
   </trkpt>
   <trkpt lat="41.76368" lon="2.9822800000000003">
    <ele>113.95</ele>
   </trkpt>
   <trkpt lat="41.76364" lon="2.98199">
    <ele>111.38000000000001</ele>
   </trkpt>
   <trkpt lat="41.763560000000005" lon="2.98164">
    <ele>110.46</ele>
   </trkpt>
   <trkpt lat="41.763470000000005" lon="2.9814700000000003">
    <ele>109.12</ele>
   </trkpt>
   <trkpt lat="41.763270000000006" lon="2.98124">
    <ele>109.12</ele>
   </trkpt>
   <trkpt lat="41.763180000000006" lon="2.9810200000000004">
    <ele>106.50000000000001</ele>
   </trkpt>
   <trkpt lat="41.76321" lon="2.98062">
    <ele>105.10000000000001</ele>
   </trkpt>
   <trkpt lat="41.763200000000005" lon="2.98021">
    <ele>103.76</ele>
   </trkpt>
   <trkpt lat="41.763220000000004" lon="2.9801200000000003">
    <ele>102.36</ele>
   </trkpt>
   <trkpt lat="41.76335" lon="2.97994">
    <ele>101.33</ele>
   </trkpt>
   <trkpt lat="41.763380000000005" lon="2.9798600000000004">
    <ele>101.33</ele>
   </trkpt>
   <trkpt lat="41.76339" lon="2.97968">
    <ele>100.44</ele>
   </trkpt>
   <trkpt lat="41.76337" lon="2.97934">
    <ele>99.15</ele>
   </trkpt>
   <trkpt lat="41.763380000000005" lon="2.97922">
    <ele>99.15</ele>
   </trkpt>
   <trkpt lat="41.76343000000001" lon="2.9791000000000003">
    <ele>98.7</ele>
   </trkpt>
   <trkpt lat="41.763540000000006" lon="2.9789200000000005">
    <ele>97.28</ele>
   </trkpt>
   <trkpt lat="41.76382" lon="2.9786300000000003">
    <ele>95.58000000000001</ele>
   </trkpt>
   <trkpt lat="41.76390000000001" lon="2.97859">
    <ele>95.58000000000001</ele>
   </trkpt>
   <trkpt lat="41.764070000000004" lon="2.9785800000000004">
    <ele>94.86000000000001</ele>
   </trkpt>
   <trkpt lat="41.76427" lon="2.97873">
    <ele>93.29</ele>
   </trkpt>
   <trkpt lat="41.7644" lon="2.9788900000000003">
    <ele>91.82000000000001</ele>
   </trkpt>
   <trkpt lat="41.76451" lon="2.9791100000000004">
    <ele>91.05</ele>
   </trkpt>
   <trkpt lat="41.764590000000005" lon="2.9791900000000004">
    <ele>91.05</ele>
   </trkpt>
   <trkpt lat="41.76475000000001" lon="2.9792500000000004">
    <ele>89.18</ele>
   </trkpt>
   <trkpt lat="41.76485" lon="2.9792400000000003">
    <ele>89.18</ele>
   </trkpt>
   <trkpt lat="41.764900000000004" lon="2.97921">
    <ele>88.62</ele>
   </trkpt>
   <trkpt lat="41.76496" lon="2.97914">
    <ele>87.73</ele>
   </trkpt>
   <trkpt lat="41.76498" lon="2.97907">
    <ele>87.73</ele>
   </trkpt>
   <trkpt lat="41.764970000000005" lon="2.9788500000000004">
    <ele>86.79</ele>
   </trkpt>
   <trkpt lat="41.764810000000004" lon="2.9781700000000004">
    <ele>82.86</ele>
   </trkpt>
   <trkpt lat="41.764610000000005" lon="2.97772">
    <ele>79.82000000000001</ele>
   </trkpt>
   <trkpt lat="41.76453" lon="2.9772900000000004">
    <ele>78.2</ele>
   </trkpt>
   <trkpt lat="41.764320000000005" lon="2.97677">
    <ele>75.56</ele>
   </trkpt>
   <trkpt lat="41.76429" lon="2.97656">
    <ele>74.71000000000001</ele>
   </trkpt>
   <trkpt lat="41.764320000000005" lon="2.97642">
    <ele>73.48</ele>
   </trkpt>
   <trkpt lat="41.764450000000004" lon="2.97622">
    <ele>73.48</ele>
   </trkpt>
   <trkpt lat="41.764520000000005" lon="2.9761400000000005">
    <ele>71.37</ele>
   </trkpt>
   <trkpt lat="41.76458" lon="2.9761">
    <ele>71.37</ele>
   </trkpt>
   <trkpt lat="41.764720000000004" lon="2.9760600000000004">
    <ele>70.53</ele>
   </trkpt>
   <trkpt lat="41.764880000000005" lon="2.9760500000000003">
    <ele>69.59</ele>
   </trkpt>
   <trkpt lat="41.76509" lon="2.9759800000000003">
    <ele>68.81</ele>
   </trkpt>
   <trkpt lat="41.765190000000004" lon="2.9759900000000004">
    <ele>68.81</ele>
   </trkpt>
   <trkpt lat="41.76540000000001" lon="2.9761300000000004">
    <ele>67.77000000000001</ele>
   </trkpt>
   <trkpt lat="41.765510000000006" lon="2.9761800000000003">
    <ele>66.77000000000001</ele>
   </trkpt>
   <trkpt lat="41.76563" lon="2.97621">
    <ele>66.77000000000001</ele>
   </trkpt>
   <trkpt lat="41.765800000000006" lon="2.97621">
    <ele>65.85000000000001</ele>
   </trkpt>
   <trkpt lat="41.765890000000006" lon="2.97616">
    <ele>65.85000000000001</ele>
   </trkpt>
   <trkpt lat="41.76592" lon="2.9761100000000003">
    <ele>65.5</ele>
   </trkpt>
   <trkpt lat="41.76594" lon="2.97602">
    <ele>65.11</ele>
   </trkpt>
   <trkpt lat="41.76592" lon="2.9759100000000003">
    <ele>64.64</ele>
   </trkpt>
   <trkpt lat="41.76586" lon="2.97581">
    <ele>64.10000000000001</ele>
   </trkpt>
   <trkpt lat="41.76574" lon="2.97569">
    <ele>63.2</ele>
   </trkpt>
   <trkpt lat="41.76567" lon="2.9755900000000004">
    <ele>63.2</ele>
   </trkpt>
   <trkpt lat="41.76565" lon="2.9754500000000004">
    <ele>61.65</ele>
   </trkpt>
   <trkpt lat="41.765660000000004" lon="2.9754">
    <ele>61.65</ele>
   </trkpt>
   <trkpt lat="41.76578000000001" lon="2.9751600000000002">
    <ele>60.35000000000001</ele>
   </trkpt>
   <trkpt lat="41.765840000000004" lon="2.97494">
    <ele>59.95</ele>
   </trkpt>
   <trkpt lat="41.765800000000006" lon="2.9747600000000003">
    <ele>59.830000000000005</ele>
   </trkpt>
   <trkpt lat="41.765570000000004" lon="2.9745500000000002">
    <ele>59.53000000000001</ele>
   </trkpt>
   <trkpt lat="41.765510000000006" lon="2.97453">
    <ele>59.53000000000001</ele>
   </trkpt>
   <trkpt lat="41.765440000000005" lon="2.97454">
    <ele>59.81</ele>
   </trkpt>
   <trkpt lat="41.76523" lon="2.97466">
    <ele>60.31</ele>
   </trkpt>
   <trkpt lat="41.76507" lon="2.9747100000000004">
    <ele>61.120000000000005</ele>
   </trkpt>
   <trkpt lat="41.76494" lon="2.9747100000000004">
    <ele>61.63</ele>
   </trkpt>
   <trkpt lat="41.76482" lon="2.97467">
    <ele>62.46000000000001</ele>
   </trkpt>
   <trkpt lat="41.76465" lon="2.97453">
    <ele>63.65000000000001</ele>
   </trkpt>
   <trkpt lat="41.7646" lon="2.9744300000000004">
    <ele>65.72</ele>
   </trkpt>
   <trkpt lat="41.764570000000006" lon="2.9743500000000003">
    <ele>65.75999999999999</ele>
   </trkpt>
   <trkpt lat="41.76451" lon="2.97393">
    <ele>67.51</ele>
   </trkpt>
   <trkpt lat="41.76449" lon="2.97386">
    <ele>67.51</ele>
   </trkpt>
   <trkpt lat="41.764450000000004" lon="2.9738">
    <ele>68.23</ele>
   </trkpt>
   <trkpt lat="41.76437000000001" lon="2.9737500000000003">
    <ele>68.91</ele>
   </trkpt>
   <trkpt lat="41.76429" lon="2.97377">
    <ele>69.52000000000001</ele>
   </trkpt>
   <trkpt lat="41.763980000000004" lon="2.97392">
    <ele>72.44</ele>
   </trkpt>
   <trkpt lat="41.76390000000001" lon="2.9739000000000004">
    <ele>72.44</ele>
   </trkpt>
   <trkpt lat="41.76382" lon="2.97385">
    <ele>72.97</ele>
   </trkpt>
   <trkpt lat="41.76368" lon="2.97372">
    <ele>73.69</ele>
   </trkpt>
   <trkpt lat="41.763510000000004" lon="2.9734800000000003">
    <ele>74.97000000000001</ele>
   </trkpt>
   <trkpt lat="41.76346" lon="2.9734700000000003">
    <ele>74.97000000000001</ele>
   </trkpt>
   <trkpt lat="41.76337" lon="2.9735">
    <ele>75.35</ele>
   </trkpt>
   <trkpt lat="41.76324" lon="2.97364">
    <ele>76.04</ele>
   </trkpt>
   <trkpt lat="41.763180000000006" lon="2.9736800000000003">
    <ele>76.41000000000001</ele>
   </trkpt>
   <trkpt lat="41.76312" lon="2.9737000000000005">
    <ele>76.41000000000001</ele>
   </trkpt>
   <trkpt lat="41.763040000000004" lon="2.9736900000000004">
    <ele>76.41000000000001</ele>
   </trkpt>
   <trkpt lat="41.76277" lon="2.97345">
    <ele>79.21000000000001</ele>
   </trkpt>
   <trkpt lat="41.762420000000006" lon="2.9730200000000004">
    <ele>81.11</ele>
   </trkpt>
   <trkpt lat="41.7623" lon="2.97298">
    <ele>81.82000000000001</ele>
   </trkpt>
   <trkpt lat="41.762240000000006" lon="2.9730000000000003">
    <ele>81.82000000000001</ele>
   </trkpt>
   <trkpt lat="41.76214" lon="2.97311">
    <ele>82.25</ele>
   </trkpt>
   <trkpt lat="41.76209" lon="2.97325">
    <ele>83.06</ele>
   </trkpt>
   <trkpt lat="41.762060000000005" lon="2.9734000000000003">
    <ele>83.49000000000001</ele>
   </trkpt>
   <trkpt lat="41.762040000000006" lon="2.9736000000000002">
    <ele>84.16000000000001</ele>
   </trkpt>
   <trkpt lat="41.762130000000006" lon="2.97399">
    <ele>85.67</ele>
   </trkpt>
   <trkpt lat="41.762130000000006" lon="2.9740800000000003">
    <ele>85.67</ele>
   </trkpt>
   <trkpt lat="41.762100000000004" lon="2.97425">
    <ele>87.66</ele>
   </trkpt>
   <trkpt lat="41.762040000000006" lon="2.9743600000000003">
    <ele>87.66</ele>
   </trkpt>
   <trkpt lat="41.7618" lon="2.9745500000000002">
    <ele>88.99000000000001</ele>
   </trkpt>
   <trkpt lat="41.76137000000001" lon="2.9745600000000003">
    <ele>93.24</ele>
   </trkpt>
   <trkpt lat="41.761250000000004" lon="2.97461">
    <ele>93.24</ele>
   </trkpt>
   <trkpt lat="41.7612" lon="2.9746500000000005">
    <ele>93.24</ele>
   </trkpt>
   <trkpt lat="41.76115" lon="2.97479">
    <ele>93.71</ele>
   </trkpt>
   <trkpt lat="41.761160000000004" lon="2.9750900000000002">
    <ele>94.62</ele>
   </trkpt>
   <trkpt lat="41.761100000000006" lon="2.97527">
    <ele>96.51</ele>
   </trkpt>
   <trkpt lat="41.761030000000005" lon="2.9753200000000004">
    <ele>96.51</ele>
   </trkpt>
   <trkpt lat="41.76098" lon="2.97534">
    <ele>96.51</ele>
   </trkpt>
   <trkpt lat="41.76088" lon="2.97533">
    <ele>96.51</ele>
   </trkpt>
   <trkpt lat="41.76037" lon="2.97514">
    <ele>100.09</ele>
   </trkpt>
   <trkpt lat="41.760310000000004" lon="2.97513">
    <ele>100.09</ele>
   </trkpt>
   <trkpt lat="41.76026" lon="2.97514">
    <ele>100.09</ele>
   </trkpt>
   <trkpt lat="41.76017" lon="2.9752300000000003">
    <ele>101.5</ele>
   </trkpt>
   <trkpt lat="41.760110000000005" lon="2.9754300000000002">
    <ele>101.5</ele>
   </trkpt>
   <trkpt lat="41.76008" lon="2.97548">
    <ele>102.0</ele>
   </trkpt>
   <trkpt lat="41.760000000000005" lon="2.97554">
    <ele>102.0</ele>
   </trkpt>
   <trkpt lat="41.75995" lon="2.97554">
    <ele>103.08</ele>
   </trkpt>
   <trkpt lat="41.759710000000005" lon="2.9754400000000003">
    <ele>104.89000000000001</ele>
   </trkpt>
   <trkpt lat="41.75965" lon="2.9754400000000003">
    <ele>104.89000000000001</ele>
   </trkpt>
   <trkpt lat="41.75956" lon="2.9755000000000003">
    <ele>105.13000000000001</ele>
   </trkpt>
   <trkpt lat="41.759510000000006" lon="2.97562">
    <ele>105.8</ele>
   </trkpt>
   <trkpt lat="41.75945" lon="2.9759100000000003">
    <ele>107.12</ele>
   </trkpt>
   <trkpt lat="41.75941" lon="2.9759900000000004">
    <ele>107.12</ele>
   </trkpt>
   <trkpt lat="41.75921" lon="2.97617">
    <ele>107.12</ele>
   </trkpt>
   <trkpt lat="41.759190000000004" lon="2.97624">
    <ele>111.41000000000001</ele>
   </trkpt>
   <trkpt lat="41.75916" lon="2.97676">
    <ele>112.0</ele>
   </trkpt>
   <trkpt lat="41.75912" lon="2.97683">
    <ele>112.85000000000001</ele>
   </trkpt>
   <trkpt lat="41.75907" lon="2.9768800000000004">
    <ele>112.85000000000001</ele>
   </trkpt>
   <trkpt lat="41.75896" lon="2.9768800000000004">
    <ele>113.67</ele>
   </trkpt>
   <trkpt lat="41.758860000000006" lon="2.97682">
    <ele>114.43</ele>
   </trkpt>
   <trkpt lat="41.758700000000005" lon="2.9766800000000004">
    <ele>115.14</ele>
   </trkpt>
   <trkpt lat="41.75862" lon="2.97656">
    <ele>115.77000000000001</ele>
   </trkpt>
   <trkpt lat="41.758430000000004" lon="2.97616">
    <ele>115.95</ele>
   </trkpt>
   <trkpt lat="41.758340000000004" lon="2.9759300000000004">
    <ele>115.56</ele>
   </trkpt>
   <trkpt lat="41.75831" lon="2.9758000000000004">
    <ele>115.19000000000001</ele>
   </trkpt>
   <trkpt lat="41.75831" lon="2.9756400000000003">
    <ele>114.72</ele>
   </trkpt>
   <trkpt lat="41.7584" lon="2.9753200000000004">
    <ele>113.9</ele>
   </trkpt>
   <trkpt lat="41.758480000000006" lon="2.9747600000000003">
    <ele>110.76</ele>
   </trkpt>
   <trkpt lat="41.758610000000004" lon="2.97446">
    <ele>109.52000000000001</ele>
   </trkpt>
   <trkpt lat="41.758610000000004" lon="2.9740800000000003">
    <ele>106.54</ele>
   </trkpt>
   <trkpt lat="41.75882" lon="2.97359">
    <ele>102.91000000000001</ele>
   </trkpt>
   <trkpt lat="41.758860000000006" lon="2.9734700000000003">
    <ele>102.91000000000001</ele>
   </trkpt>
   <trkpt lat="41.758860000000006" lon="2.9734100000000003">
    <ele>102.91000000000001</ele>
   </trkpt>
   <trkpt lat="41.75873" lon="2.97284">
    <ele>98.7</ele>
   </trkpt>
   <trkpt lat="41.758520000000004" lon="2.9721900000000003">
    <ele>95.09</ele>
   </trkpt>
   <trkpt lat="41.758" lon="2.97134">
    <ele>90.61000000000001</ele>
   </trkpt>
   <trkpt lat="41.75791" lon="2.9712300000000003">
    <ele>90.12</ele>
   </trkpt>
   <trkpt lat="41.75784" lon="2.97121">
    <ele>90.12</ele>
   </trkpt>
   <trkpt lat="41.757720000000006" lon="2.9712600000000005">
    <ele>89.07000000000001</ele>
   </trkpt>
   <trkpt lat="41.757670000000005" lon="2.9713100000000003">
    <ele>88.59</ele>
   </trkpt>
   <trkpt lat="41.757630000000006" lon="2.9714300000000002">
    <ele>88.18</ele>
   </trkpt>
   <trkpt lat="41.757630000000006" lon="2.97176">
    <ele>87.38000000000001</ele>
   </trkpt>
   <trkpt lat="41.75761000000001" lon="2.9719900000000004">
    <ele>87.18</ele>
   </trkpt>
   <trkpt lat="41.757650000000005" lon="2.9724500000000003">
    <ele>87.41</ele>
   </trkpt>
   <trkpt lat="41.757580000000004" lon="2.9726100000000004">
    <ele>87.81000000000002</ele>
   </trkpt>
   <trkpt lat="41.757360000000006" lon="2.9728100000000004">
    <ele>88.15</ele>
   </trkpt>
   <trkpt lat="41.757110000000004" lon="2.9729300000000003">
    <ele>88.67000000000002</ele>
   </trkpt>
   <trkpt lat="41.756890000000006" lon="2.9732700000000003">
    <ele>89.88</ele>
   </trkpt>
   <trkpt lat="41.75668" lon="2.97338">
    <ele>90.8</ele>
   </trkpt>
   <trkpt lat="41.756440000000005" lon="2.9734200000000004">
    <ele>93.25000000000001</ele>
   </trkpt>
   <trkpt lat="41.756280000000004" lon="2.97351">
    <ele>93.25000000000001</ele>
   </trkpt>
   <trkpt lat="41.755990000000004" lon="2.9737500000000003">
    <ele>94.74000000000001</ele>
   </trkpt>
   <trkpt lat="41.755810000000004" lon="2.9738700000000002">
    <ele>95.91000000000001</ele>
   </trkpt>
   <trkpt lat="41.7556" lon="2.97398">
    <ele>96.73</ele>
   </trkpt>
   <trkpt lat="41.75551" lon="2.9739700000000004">
    <ele>96.76</ele>
   </trkpt>
   <trkpt lat="41.755410000000005" lon="2.97392">
    <ele>96.55000000000001</ele>
   </trkpt>
   <trkpt lat="41.755370000000006" lon="2.97386">
    <ele>96.55000000000001</ele>
   </trkpt>
   <trkpt lat="41.75529" lon="2.9735500000000004">
    <ele>95.71000000000001</ele>
   </trkpt>
   <trkpt lat="41.75511" lon="2.9730100000000004">
    <ele>94.55000000000001</ele>
   </trkpt>
   <trkpt lat="41.755100000000006" lon="2.97285">
    <ele>94.1</ele>
   </trkpt>
   <trkpt lat="41.755160000000004" lon="2.97271">
    <ele>94.1</ele>
   </trkpt>
   <trkpt lat="41.755210000000005" lon="2.9726600000000003">
    <ele>94.1</ele>
   </trkpt>
   <trkpt lat="41.755880000000005" lon="2.97228">
    <ele>90.46000000000001</ele>
   </trkpt>
   <trkpt lat="41.756" lon="2.97217">
    <ele>90.46000000000001</ele>
   </trkpt>
   <trkpt lat="41.75616" lon="2.97156">
    <ele>88.48</ele>
   </trkpt>
   <trkpt lat="41.75616" lon="2.9714">
    <ele>88.05</ele>
   </trkpt>
   <trkpt lat="41.75603" lon="2.9709100000000004">
    <ele>87.19</ele>
   </trkpt>
   <trkpt lat="41.75602000000001" lon="2.9705800000000004">
    <ele>86.88000000000001</ele>
   </trkpt>
   <trkpt lat="41.75607" lon="2.97013">
    <ele>86.96000000000001</ele>
   </trkpt>
   <trkpt lat="41.75602000000001" lon="2.9700100000000003">
    <ele>86.96000000000001</ele>
   </trkpt>
   <trkpt lat="41.755810000000004" lon="2.96978">
    <ele>86.86</ele>
   </trkpt>
   <trkpt lat="41.75574" lon="2.9696800000000003">
    <ele>86.86</ele>
   </trkpt>
   <trkpt lat="41.75571" lon="2.96952">
    <ele>86.86</ele>
   </trkpt>
   <trkpt lat="41.75573000000001" lon="2.9693500000000004">
    <ele>86.83</ele>
   </trkpt>
   <trkpt lat="41.75585" lon="2.9691400000000003">
    <ele>86.83</ele>
   </trkpt>
   <trkpt lat="41.755930000000006" lon="2.96891">
    <ele>86.85000000000001</ele>
   </trkpt>
   <trkpt lat="41.75594" lon="2.9686700000000004">
    <ele>86.93</ele>
   </trkpt>
   <trkpt lat="41.755900000000004" lon="2.9684000000000004">
    <ele>86.93</ele>
   </trkpt>
   <trkpt lat="41.75585" lon="2.96822">
    <ele>87.07000000000001</ele>
   </trkpt>
   <trkpt lat="41.755810000000004" lon="2.96817">
    <ele>87.07000000000001</ele>
   </trkpt>
   <trkpt lat="41.75571" lon="2.9681100000000002">
    <ele>87.07000000000001</ele>
   </trkpt>
   <trkpt lat="41.75558" lon="2.9680700000000004">
    <ele>87.07000000000001</ele>
   </trkpt>
   <trkpt lat="41.75549" lon="2.96796">
    <ele>87.07000000000001</ele>
   </trkpt>
   <trkpt lat="41.75546000000001" lon="2.96788">
    <ele>87.07000000000001</ele>
   </trkpt>
   <trkpt lat="41.75545" lon="2.96763">
    <ele>87.27</ele>
   </trkpt>
   <trkpt lat="41.75542" lon="2.96754">
    <ele>87.27</ele>
   </trkpt>
   <trkpt lat="41.755230000000005" lon="2.96727">
    <ele>87.28000000000002</ele>
   </trkpt>
   <trkpt lat="41.7552" lon="2.9671800000000004">
    <ele>87.17000000000002</ele>
   </trkpt>
   <trkpt lat="41.755190000000006" lon="2.96708">
    <ele>87.17000000000002</ele>
   </trkpt>
   <trkpt lat="41.755230000000005" lon="2.96687">
    <ele>86.68</ele>
   </trkpt>
   <trkpt lat="41.755300000000005" lon="2.9666400000000004">
    <ele>86.24000000000001</ele>
   </trkpt>
   <trkpt lat="41.755430000000004" lon="2.9664200000000003">
    <ele>85.83</ele>
   </trkpt>
   <trkpt lat="41.75587" lon="2.9658">
    <ele>83.91000000000001</ele>
   </trkpt>
   <trkpt lat="41.75598" lon="2.96558">
    <ele>83.91000000000001</ele>
   </trkpt>
   <trkpt lat="41.756060000000005" lon="2.9653500000000004">
    <ele>83.34</ele>
   </trkpt>
   <trkpt lat="41.75607" lon="2.9651400000000003">
    <ele>83.34</ele>
   </trkpt>
   <trkpt lat="41.75603" lon="2.9648700000000003">
    <ele>82.13000000000001</ele>
   </trkpt>
   <trkpt lat="41.75582" lon="2.9640000000000004">
    <ele>79.88000000000001</ele>
   </trkpt>
   <trkpt lat="41.75582" lon="2.96382">
    <ele>79.88000000000001</ele>
   </trkpt>
   <trkpt lat="41.755880000000005" lon="2.9634400000000003">
    <ele>79.26</ele>
   </trkpt>
   <trkpt lat="41.75589" lon="2.9631100000000004">
    <ele>79.02000000000001</ele>
   </trkpt>
   <trkpt lat="41.75585" lon="2.9629900000000005">
    <ele>79.01</ele>
   </trkpt>
   <trkpt lat="41.755770000000005" lon="2.9629000000000003">
    <ele>79.06</ele>
   </trkpt>
   <trkpt lat="41.75564000000001" lon="2.9628500000000004">
    <ele>79.46000000000001</ele>
   </trkpt>
   <trkpt lat="41.75556" lon="2.9628400000000004">
    <ele>79.63000000000001</ele>
   </trkpt>
   <trkpt lat="41.75545" lon="2.9628500000000004">
    <ele>80.47</ele>
   </trkpt>
   <trkpt lat="41.75524" lon="2.96293">
    <ele>81.5</ele>
   </trkpt>
   <trkpt lat="41.75497" lon="2.96306">
    <ele>83.33</ele>
   </trkpt>
   <trkpt lat="41.754870000000004" lon="2.96313">
    <ele>83.33</ele>
   </trkpt>
   <trkpt lat="41.75477" lon="2.9632600000000004">
    <ele>85.42</ele>
   </trkpt>
   <trkpt lat="41.75473" lon="2.96335">
    <ele>85.42</ele>
   </trkpt>
   <trkpt lat="41.75462" lon="2.96375">
    <ele>87.06000000000002</ele>
   </trkpt>
   <trkpt lat="41.75466" lon="2.9643200000000003">
    <ele>89.88</ele>
   </trkpt>
   <trkpt lat="41.754650000000005" lon="2.9645200000000003">
    <ele>91.36000000000001</ele>
   </trkpt>
   <trkpt lat="41.75459" lon="2.9646600000000003">
    <ele>91.36000000000001</ele>
   </trkpt>
   <trkpt lat="41.75444" lon="2.9648700000000003">
    <ele>92.44000000000001</ele>
   </trkpt>
   <trkpt lat="41.75424" lon="2.9650900000000004">
    <ele>94.72000000000001</ele>
   </trkpt>
   <trkpt lat="41.754110000000004" lon="2.9651500000000004">
    <ele>94.72000000000001</ele>
   </trkpt>
   <trkpt lat="41.75404" lon="2.9651500000000004">
    <ele>94.72000000000001</ele>
   </trkpt>
   <trkpt lat="41.753980000000006" lon="2.9651300000000003">
    <ele>94.72000000000001</ele>
   </trkpt>
   <trkpt lat="41.753690000000006" lon="2.96492">
    <ele>97.94000000000001</ele>
   </trkpt>
   <trkpt lat="41.753600000000006" lon="2.96489">
    <ele>99.79</ele>
   </trkpt>
   <trkpt lat="41.75352" lon="2.9649">
    <ele>99.79</ele>
   </trkpt>
   <trkpt lat="41.753440000000005" lon="2.9649300000000003">
    <ele>100.36</ele>
   </trkpt>
   <trkpt lat="41.753370000000004" lon="2.9650100000000004">
    <ele>100.36</ele>
   </trkpt>
   <trkpt lat="41.75318" lon="2.9653300000000002">
    <ele>102.73</ele>
   </trkpt>
   <trkpt lat="41.75309" lon="2.96544">
    <ele>102.73</ele>
   </trkpt>
   <trkpt lat="41.753" lon="2.96546">
    <ele>104.02000000000001</ele>
   </trkpt>
   <trkpt lat="41.752810000000004" lon="2.96538">
    <ele>105.26</ele>
   </trkpt>
   <trkpt lat="41.75273000000001" lon="2.96537">
    <ele>105.26</ele>
   </trkpt>
   <trkpt lat="41.752610000000004" lon="2.96538">
    <ele>105.26</ele>
   </trkpt>
   <trkpt lat="41.75254" lon="2.9654300000000005">
    <ele>106.86000000000001</ele>
   </trkpt>
   <trkpt lat="41.752430000000004" lon="2.96557">
    <ele>106.86000000000001</ele>
   </trkpt>
   <trkpt lat="41.752390000000005" lon="2.96565">
    <ele>108.10000000000001</ele>
   </trkpt>
   <trkpt lat="41.752210000000005" lon="2.9661000000000004">
    <ele>110.37</ele>
   </trkpt>
   <trkpt lat="41.752190000000006" lon="2.9664200000000003">
    <ele>111.94000000000001</ele>
   </trkpt>
   <trkpt lat="41.75217000000001" lon="2.9665000000000004">
    <ele>111.94000000000001</ele>
   </trkpt>
   <trkpt lat="41.75193" lon="2.9668900000000002">
    <ele>114.29</ele>
   </trkpt>
   <trkpt lat="41.751830000000005" lon="2.9671000000000003">
    <ele>116.56</ele>
   </trkpt>
   <trkpt lat="41.75166" lon="2.9677000000000002">
    <ele>118.99000000000001</ele>
   </trkpt>
   <trkpt lat="41.7516" lon="2.9677800000000003">
    <ele>119.17000000000002</ele>
   </trkpt>
   <trkpt lat="41.751490000000004" lon="2.96783">
    <ele>119.74000000000001</ele>
   </trkpt>
   <trkpt lat="41.751400000000004" lon="2.96783">
    <ele>120.26</ele>
   </trkpt>
   <trkpt lat="41.75135" lon="2.9678000000000004">
    <ele>120.26</ele>
   </trkpt>
   <trkpt lat="41.75119" lon="2.9676000000000005">
    <ele>121.02000000000001</ele>
   </trkpt>
   <trkpt lat="41.75108" lon="2.9674300000000002">
    <ele>121.12</ele>
   </trkpt>
   <trkpt lat="41.75108" lon="2.96742">
    <ele>121.13000000000001</ele>
   </trkpt>
   <trkpt lat="41.75092" lon="2.9671200000000004">
    <ele>120.94</ele>
   </trkpt>
   <trkpt lat="41.750960000000006" lon="2.9670400000000003">
    <ele>120.94</ele>
   </trkpt>
   <trkpt lat="41.750960000000006" lon="2.9669700000000003">
    <ele>121.78000000000002</ele>
   </trkpt>
   <trkpt lat="41.75086" lon="2.9667700000000004">
    <ele>122.58000000000001</ele>
   </trkpt>
   <trkpt lat="41.75072" lon="2.9665800000000004">
    <ele>124.81</ele>
   </trkpt>
   <trkpt lat="41.7507" lon="2.96653">
    <ele>124.81</ele>
   </trkpt>
   <trkpt lat="41.750690000000006" lon="2.96641">
    <ele>125.49000000000001</ele>
   </trkpt>
   <trkpt lat="41.750730000000004" lon="2.9663500000000003">
    <ele>125.49000000000001</ele>
   </trkpt>
   <trkpt lat="41.750960000000006" lon="2.9662100000000002">
    <ele>126.06</ele>
   </trkpt>
   <trkpt lat="41.751020000000004" lon="2.96614">
    <ele>128.46</ele>
   </trkpt>
   <trkpt lat="41.751110000000004" lon="2.96599">
    <ele>128.46</ele>
   </trkpt>
   <trkpt lat="41.75139" lon="2.96531">
    <ele>132.68</ele>
   </trkpt>
   <trkpt lat="41.751430000000006" lon="2.9650100000000004">
    <ele>132.68</ele>
   </trkpt>
   <trkpt lat="41.75142" lon="2.9647500000000004">
    <ele>135.82000000000002</ele>
   </trkpt>
   <trkpt lat="41.7513" lon="2.9641200000000003">
    <ele>139.72</ele>
   </trkpt>
   <trkpt lat="41.75123000000001" lon="2.9640000000000004">
    <ele>140.44</ele>
   </trkpt>
   <trkpt lat="41.751020000000004" lon="2.96375">
    <ele>142.84000000000003</ele>
   </trkpt>
   <trkpt lat="41.75099" lon="2.96368">
    <ele>143.57</ele>
   </trkpt>
   <trkpt lat="41.75097" lon="2.96348">
    <ele>144.72</ele>
   </trkpt>
   <trkpt lat="41.75101" lon="2.9633200000000004">
    <ele>145.45000000000002</ele>
   </trkpt>
   <trkpt lat="41.751270000000005" lon="2.9630500000000004">
    <ele>148.08</ele>
   </trkpt>
   <trkpt lat="41.75137" lon="2.96275">
    <ele>150.51</ele>
   </trkpt>
   <trkpt lat="41.751380000000005" lon="2.9624300000000003">
    <ele>152.34</ele>
   </trkpt>
   <trkpt lat="41.75132000000001" lon="2.96214">
    <ele>154.47000000000003</ele>
   </trkpt>
   <trkpt lat="41.75122" lon="2.9618800000000003">
    <ele>155.24</ele>
   </trkpt>
   <trkpt lat="41.75122" lon="2.96172">
    <ele>155.24</ele>
   </trkpt>
   <trkpt lat="41.751270000000005" lon="2.9616200000000004">
    <ele>155.24</ele>
   </trkpt>
   <trkpt lat="41.7515" lon="2.9614200000000004">
    <ele>160.07000000000002</ele>
   </trkpt>
   <trkpt lat="41.75159" lon="2.96131">
    <ele>160.84</ele>
   </trkpt>
   <trkpt lat="41.751630000000006" lon="2.9611400000000003">
    <ele>162.21</ele>
   </trkpt>
   <trkpt lat="41.75159" lon="2.9609900000000002">
    <ele>162.82000000000002</ele>
   </trkpt>
   <trkpt lat="41.7516" lon="2.96084">
    <ele>162.82000000000002</ele>
   </trkpt>
   <trkpt lat="41.751940000000005" lon="2.9601900000000003">
    <ele>169.18000000000004</ele>
   </trkpt>
   <trkpt lat="41.751960000000004" lon="2.9600400000000002">
    <ele>169.18000000000004</ele>
   </trkpt>
   <trkpt lat="41.751920000000005" lon="2.9597300000000004">
    <ele>170.94</ele>
   </trkpt>
   <trkpt lat="41.751830000000005" lon="2.95949">
    <ele>172.76000000000002</ele>
   </trkpt>
   <trkpt lat="41.75171" lon="2.9593100000000003">
    <ele>172.76000000000002</ele>
   </trkpt>
   <trkpt lat="41.7515" lon="2.9591200000000004">
    <ele>175.96</ele>
   </trkpt>
   <trkpt lat="41.75142" lon="2.9589100000000004">
    <ele>177.52</ele>
   </trkpt>
   <trkpt lat="41.75141" lon="2.95867">
    <ele>177.52</ele>
   </trkpt>
   <trkpt lat="41.751470000000005" lon="2.9585000000000004">
    <ele>180.49</ele>
   </trkpt>
   <trkpt lat="41.75153" lon="2.9584400000000004">
    <ele>181.3</ele>
   </trkpt>
   <trkpt lat="41.75159" lon="2.95841">
    <ele>181.3</ele>
   </trkpt>
   <trkpt lat="41.75182" lon="2.95845">
    <ele>183.4</ele>
   </trkpt>
   <trkpt lat="41.751940000000005" lon="2.95841">
    <ele>184.36</ele>
   </trkpt>
   <trkpt lat="41.75202" lon="2.9583000000000004">
    <ele>184.93</ele>
   </trkpt>
   <trkpt lat="41.752050000000004" lon="2.9582300000000004">
    <ele>185.41000000000003</ele>
   </trkpt>
   <trkpt lat="41.75204" lon="2.9579400000000002">
    <ele>186.84</ele>
   </trkpt>
   <trkpt lat="41.75207" lon="2.95787">
    <ele>186.84</ele>
   </trkpt>
   <trkpt lat="41.75218" lon="2.9577400000000003">
    <ele>187.49</ele>
   </trkpt>
   <trkpt lat="41.752430000000004" lon="2.9575500000000003">
    <ele>189.22000000000003</ele>
   </trkpt>
   <trkpt lat="41.752500000000005" lon="2.9575400000000003">
    <ele>189.22000000000003</ele>
   </trkpt>
   <trkpt lat="41.75256" lon="2.9575600000000004">
    <ele>189.22000000000003</ele>
   </trkpt>
   <trkpt lat="41.752900000000004" lon="2.9578">
    <ele>191.98000000000002</ele>
   </trkpt>
   <trkpt lat="41.75305" lon="2.95785">
    <ele>192.69000000000003</ele>
   </trkpt>
   <trkpt lat="41.75314" lon="2.9578200000000003">
    <ele>192.69000000000003</ele>
   </trkpt>
   <trkpt lat="41.75323" lon="2.95766">
    <ele>193.32000000000002</ele>
   </trkpt>
   <trkpt lat="41.7533" lon="2.95758">
    <ele>194.62</ele>
   </trkpt>
   <trkpt lat="41.753870000000006" lon="2.95745">
    <ele>197.18</ele>
   </trkpt>
   <trkpt lat="41.75397" lon="2.9574000000000003">
    <ele>197.18</ele>
   </trkpt>
   <trkpt lat="41.7541" lon="2.9572700000000003">
    <ele>198.93</ele>
   </trkpt>
   <trkpt lat="41.75419" lon="2.9572100000000003">
    <ele>198.93</ele>
   </trkpt>
   <trkpt lat="41.754340000000006" lon="2.95717">
    <ele>198.93</ele>
   </trkpt>
   <trkpt lat="41.754540000000006" lon="2.9572200000000004">
    <ele>201.70000000000002</ele>
   </trkpt>
   <trkpt lat="41.75484" lon="2.95719">
    <ele>203.73000000000002</ele>
   </trkpt>
   <trkpt lat="41.75493" lon="2.9571">
    <ele>204.25</ele>
   </trkpt>
   <trkpt lat="41.755120000000005" lon="2.9565900000000003">
    <ele>206.56000000000003</ele>
   </trkpt>
   <trkpt lat="41.755210000000005" lon="2.9560600000000004">
    <ele>209.02</ele>
   </trkpt>
   <trkpt lat="41.75529" lon="2.9559">
    <ele>210.07</ele>
   </trkpt>
   <trkpt lat="41.75556" lon="2.95562">
    <ele>211.48000000000002</ele>
   </trkpt>
   <trkpt lat="41.75569" lon="2.9553000000000003">
    <ele>213.89000000000001</ele>
   </trkpt>
   <trkpt lat="41.75583" lon="2.9551200000000004">
    <ele>214.73</ele>
   </trkpt>
   <trkpt lat="41.755900000000004" lon="2.9549600000000003">
    <ele>215.52</ele>
   </trkpt>
   <trkpt lat="41.755900000000004" lon="2.9547600000000003">
    <ele>216.01</ele>
   </trkpt>
   <trkpt lat="41.75583" lon="2.9544900000000003">
    <ele>217.58</ele>
   </trkpt>
   <trkpt lat="41.75582" lon="2.95433">
    <ele>218.07000000000002</ele>
   </trkpt>
   <trkpt lat="41.75582" lon="2.9541100000000005">
    <ele>219.44000000000003</ele>
   </trkpt>
   <trkpt lat="41.755860000000006" lon="2.95393">
    <ele>219.44000000000003</ele>
   </trkpt>
   <trkpt lat="41.755970000000005" lon="2.9538">
    <ele>220.93</ele>
   </trkpt>
   <trkpt lat="41.756060000000005" lon="2.9537400000000003">
    <ele>220.93</ele>
   </trkpt>
   <trkpt lat="41.756220000000006" lon="2.9536800000000003">
    <ele>222.62</ele>
   </trkpt>
   <trkpt lat="41.75639" lon="2.9536800000000003">
    <ele>224.08</ele>
   </trkpt>
   <trkpt lat="41.7565" lon="2.95366">
    <ele>224.62</ele>
   </trkpt>
   <trkpt lat="41.75656" lon="2.9536300000000004">
    <ele>225.10000000000002</ele>
   </trkpt>
   <trkpt lat="41.75663" lon="2.9535400000000003">
    <ele>225.29000000000002</ele>
   </trkpt>
   <trkpt lat="41.756640000000004" lon="2.9534900000000004">
    <ele>225.44000000000003</ele>
   </trkpt>
   <trkpt lat="41.756600000000006" lon="2.9532700000000003">
    <ele>225.79000000000002</ele>
   </trkpt>
   <trkpt lat="41.756600000000006" lon="2.9531300000000003">
    <ele>225.85000000000002</ele>
   </trkpt>
   <trkpt lat="41.75668" lon="2.9529900000000002">
    <ele>225.85000000000002</ele>
   </trkpt>
   <trkpt lat="41.75688" lon="2.95276">
    <ele>225.98000000000002</ele>
   </trkpt>
   <trkpt lat="41.75692" lon="2.95263">
    <ele>226.13000000000002</ele>
   </trkpt>
   <trkpt lat="41.756910000000005" lon="2.9525300000000003">
    <ele>226.32000000000002</ele>
   </trkpt>
   <trkpt lat="41.756840000000004" lon="2.9523400000000004">
    <ele>226.92000000000002</ele>
   </trkpt>
   <trkpt lat="41.75667000000001" lon="2.9520000000000004">
    <ele>229.20000000000002</ele>
   </trkpt>
   <trkpt lat="41.756660000000004" lon="2.9518700000000004">
    <ele>229.20000000000002</ele>
   </trkpt>
   <trkpt lat="41.756890000000006" lon="2.9511900000000004">
    <ele>233.77</ele>
   </trkpt>
   <trkpt lat="41.75686" lon="2.95108">
    <ele>234.37</ele>
   </trkpt>
   <trkpt lat="41.756690000000006" lon="2.95088">
    <ele>235.93000000000004</ele>
   </trkpt>
   <trkpt lat="41.756460000000004" lon="2.95073">
    <ele>236.97</ele>
   </trkpt>
   <trkpt lat="41.75638" lon="2.9506500000000004">
    <ele>237.6</ele>
   </trkpt>
   <trkpt lat="41.756240000000005" lon="2.95046">
    <ele>238.27</ele>
   </trkpt>
   <trkpt lat="41.756190000000004" lon="2.9504300000000003">
    <ele>240.72</ele>
   </trkpt>
   <trkpt lat="41.75601" lon="2.95039">
    <ele>240.72</ele>
   </trkpt>
   <trkpt lat="41.75578" lon="2.95039">
    <ele>243.8</ele>
   </trkpt>
   <trkpt lat="41.75565" lon="2.9504400000000004">
    <ele>243.8</ele>
   </trkpt>
   <trkpt lat="41.755390000000006" lon="2.9505800000000004">
    <ele>244.44000000000003</ele>
   </trkpt>
   <trkpt lat="41.755280000000006" lon="2.9506200000000002">
    <ele>247.50000000000003</ele>
   </trkpt>
   <trkpt lat="41.755210000000005" lon="2.9506200000000002">
    <ele>247.50000000000003</ele>
   </trkpt>
   <trkpt lat="41.755160000000004" lon="2.95061">
    <ele>247.50000000000003</ele>
   </trkpt>
   <trkpt lat="41.75495" lon="2.95047">
    <ele>249.50000000000003</ele>
   </trkpt>
   <trkpt lat="41.75489" lon="2.9504500000000005">
    <ele>249.50000000000003</ele>
   </trkpt>
   <trkpt lat="41.754760000000005" lon="2.95046">
    <ele>250.24</ele>
   </trkpt>
   <trkpt lat="41.75471" lon="2.95039">
    <ele>251.87000000000003</ele>
   </trkpt>
   <trkpt lat="41.754740000000005" lon="2.9502900000000003">
    <ele>251.87000000000003</ele>
   </trkpt>
   <trkpt lat="41.75479000000001" lon="2.95027">
    <ele>252.25000000000003</ele>
   </trkpt>
   <trkpt lat="41.755050000000004" lon="2.9502900000000003">
    <ele>253.87000000000003</ele>
   </trkpt>
   <trkpt lat="41.75524" lon="2.9502800000000002">
    <ele>256.14000000000004</ele>
   </trkpt>
   <trkpt lat="41.7554" lon="2.9502200000000003">
    <ele>257.04</ele>
   </trkpt>
   <trkpt lat="41.75573000000001" lon="2.95006">
    <ele>259.46000000000004</ele>
   </trkpt>
   <trkpt lat="41.75607" lon="2.9499700000000004">
    <ele>261.14000000000004</ele>
   </trkpt>
   <trkpt lat="41.75623" lon="2.9499600000000004">
    <ele>261.86</ele>
   </trkpt>
   <trkpt lat="41.75634" lon="2.94998">
    <ele>261.86</ele>
   </trkpt>
   <trkpt lat="41.7567" lon="2.9502300000000004">
    <ele>263.62</ele>
   </trkpt>
   <trkpt lat="41.75677" lon="2.95025">
    <ele>265.94</ele>
   </trkpt>
   <trkpt lat="41.756890000000006" lon="2.95025">
    <ele>265.94</ele>
   </trkpt>
   <trkpt lat="41.756980000000006" lon="2.9502800000000002">
    <ele>265.94</ele>
   </trkpt>
   <trkpt lat="41.75705000000001" lon="2.95034">
    <ele>265.94</ele>
   </trkpt>
   <trkpt lat="41.75714000000001" lon="2.9505100000000004">
    <ele>267.49</ele>
   </trkpt>
   <trkpt lat="41.757270000000005" lon="2.95067">
    <ele>268.42</ele>
   </trkpt>
   <trkpt lat="41.75748" lon="2.95113">
    <ele>270.52000000000004</ele>
   </trkpt>
   <trkpt lat="41.75748" lon="2.95121">
    <ele>270.52000000000004</ele>
   </trkpt>
   <trkpt lat="41.757360000000006" lon="2.95147">
    <ele>272.05</ele>
   </trkpt>
   <trkpt lat="41.75732" lon="2.95169">
    <ele>273.77</ele>
   </trkpt>
   <trkpt lat="41.757380000000005" lon="2.9518700000000004">
    <ele>274.44</ele>
   </trkpt>
   <trkpt lat="41.75764" lon="2.95215">
    <ele>276.6</ele>
   </trkpt>
   <trkpt lat="41.75771" lon="2.9522700000000004">
    <ele>277.25</ele>
   </trkpt>
   <trkpt lat="41.75775" lon="2.9524000000000004">
    <ele>277.93</ele>
   </trkpt>
   <trkpt lat="41.75779" lon="2.9528900000000005">
    <ele>280.78000000000003</ele>
   </trkpt>
   <trkpt lat="41.757780000000004" lon="2.9530100000000004">
    <ele>283.24000000000007</ele>
   </trkpt>
   <trkpt lat="41.75773" lon="2.9531500000000004">
    <ele>283.24000000000007</ele>
   </trkpt>
   <trkpt lat="41.757560000000005" lon="2.95345">
    <ele>285.53</ele>
   </trkpt>
   <trkpt lat="41.75752000000001" lon="2.9535600000000004">
    <ele>285.53</ele>
   </trkpt>
   <trkpt lat="41.7575" lon="2.9541000000000004">
    <ele>288.98</ele>
   </trkpt>
   <trkpt lat="41.757270000000005" lon="2.9548400000000004">
    <ele>292.64</ele>
   </trkpt>
   <trkpt lat="41.75726" lon="2.9549200000000004">
    <ele>296.49</ele>
   </trkpt>
   <trkpt lat="41.757380000000005" lon="2.9555000000000002">
    <ele>298.37</ele>
   </trkpt>
   <trkpt lat="41.75744" lon="2.9556000000000004">
    <ele>298.37</ele>
   </trkpt>
   <trkpt lat="41.7575" lon="2.9556500000000003">
    <ele>300.2</ele>
   </trkpt>
   <trkpt lat="41.75757" lon="2.95568">
    <ele>300.2</ele>
   </trkpt>
   <trkpt lat="41.757740000000005" lon="2.95568">
    <ele>302.26000000000005</ele>
   </trkpt>
   <trkpt lat="41.75782" lon="2.95563">
    <ele>302.6</ele>
   </trkpt>
   <trkpt lat="41.75784" lon="2.9555200000000004">
    <ele>303.19</ele>
   </trkpt>
   <trkpt lat="41.7578" lon="2.95542">
    <ele>303.97</ele>
   </trkpt>
   <trkpt lat="41.75764" lon="2.9553100000000003">
    <ele>304.70000000000005</ele>
   </trkpt>
   <trkpt lat="41.757540000000006" lon="2.9551800000000004">
    <ele>306.02</ele>
   </trkpt>
   <trkpt lat="41.75753" lon="2.955">
    <ele>307.25</ele>
   </trkpt>
   <trkpt lat="41.75764" lon="2.95473">
    <ele>308.36</ele>
   </trkpt>
   <trkpt lat="41.757870000000004" lon="2.9543700000000004">
    <ele>309.79</ele>
   </trkpt>
   <trkpt lat="41.757920000000006" lon="2.95426">
    <ele>311.98</ele>
   </trkpt>
   <trkpt lat="41.75795" lon="2.95407">
    <ele>311.98</ele>
   </trkpt>
   <trkpt lat="41.757960000000004" lon="2.9538300000000004">
    <ele>313.97</ele>
   </trkpt>
   <trkpt lat="41.758050000000004" lon="2.95365">
    <ele>313.97</ele>
   </trkpt>
   <trkpt lat="41.758120000000005" lon="2.95359">
    <ele>315.03000000000003</ele>
   </trkpt>
   <trkpt lat="41.75818" lon="2.95351">
    <ele>315.03000000000003</ele>
   </trkpt>
   <trkpt lat="41.75826" lon="2.9533400000000003">
    <ele>317.05</ele>
   </trkpt>
   <trkpt lat="41.75831" lon="2.9531">
    <ele>317.05</ele>
   </trkpt>
   <trkpt lat="41.75833" lon="2.9527400000000004">
    <ele>318.13</ele>
   </trkpt>
   <trkpt lat="41.75826" lon="2.9523200000000003">
    <ele>319.45</ele>
   </trkpt>
   <trkpt lat="41.75808000000001" lon="2.95175">
    <ele>321.88</ele>
   </trkpt>
   <trkpt lat="41.758050000000004" lon="2.95161">
    <ele>321.88</ele>
   </trkpt>
   <trkpt lat="41.75815" lon="2.95087">
    <ele>325.32000000000005</ele>
   </trkpt>
   <trkpt lat="41.75813" lon="2.95075">
    <ele>325.32000000000005</ele>
   </trkpt>
   <trkpt lat="41.75804" lon="2.95052">
    <ele>326.18</ele>
   </trkpt>
   <trkpt lat="41.757940000000005" lon="2.9501600000000003">
    <ele>327.52000000000004</ele>
   </trkpt>
   <trkpt lat="41.757540000000006" lon="2.9494100000000003">
    <ele>330.92</ele>
   </trkpt>
   <trkpt lat="41.7575" lon="2.94925">
    <ele>330.92</ele>
   </trkpt>
   <trkpt lat="41.757810000000006" lon="2.9483900000000003">
    <ele>336.78000000000003</ele>
   </trkpt>
   <trkpt lat="41.75788" lon="2.9481300000000004">
    <ele>338.49</ele>
   </trkpt>
   <trkpt lat="41.757960000000004" lon="2.9479400000000004">
    <ele>338.49</ele>
   </trkpt>
   <trkpt lat="41.75808000000001" lon="2.94749">
    <ele>341.86000000000007</ele>
   </trkpt>
   <trkpt lat="41.75813" lon="2.9473800000000003">
    <ele>341.86000000000007</ele>
   </trkpt>
   <trkpt lat="41.758140000000004" lon="2.94727">
    <ele>342.36000000000007</ele>
   </trkpt>
   <trkpt lat="41.758100000000006" lon="2.9471900000000004">
    <ele>342.55</ele>
   </trkpt>
   <trkpt lat="41.758050000000004" lon="2.94714">
    <ele>342.83000000000004</ele>
   </trkpt>
   <trkpt lat="41.757560000000005" lon="2.9468400000000003">
    <ele>342.90000000000003</ele>
   </trkpt>
   <trkpt lat="41.757380000000005" lon="2.9467100000000004">
    <ele>342.90000000000003</ele>
   </trkpt>
   <trkpt lat="41.75732" lon="2.94668">
    <ele>342.85</ele>
   </trkpt>
   <trkpt lat="41.75712" lon="2.9466300000000003">
    <ele>342.7</ele>
   </trkpt>
   <trkpt lat="41.75695" lon="2.94652">
    <ele>342.65</ele>
   </trkpt>
   <trkpt lat="41.756870000000006" lon="2.94652">
    <ele>342.64000000000004</ele>
   </trkpt>
   <trkpt lat="41.756710000000005" lon="2.9466300000000003">
    <ele>342.61</ele>
   </trkpt>
   <trkpt lat="41.75667000000001" lon="2.9466400000000004">
    <ele>342.61</ele>
   </trkpt>
   <trkpt lat="41.75657" lon="2.9466200000000002">
    <ele>342.51000000000005</ele>
   </trkpt>
   <trkpt lat="41.75614" lon="2.94641">
    <ele>342.43</ele>
   </trkpt>
   <trkpt lat="41.75596" lon="2.9462800000000002">
    <ele>342.43</ele>
   </trkpt>
   <trkpt lat="41.75578" lon="2.94627">
    <ele>342.5</ele>
   </trkpt>
   <trkpt lat="41.75556" lon="2.9463600000000003">
    <ele>343.14</ele>
   </trkpt>
   <trkpt lat="41.75544" lon="2.94639">
    <ele>343.71000000000004</ele>
   </trkpt>
   <trkpt lat="41.75538" lon="2.9463500000000002">
    <ele>344.05</ele>
   </trkpt>
   <trkpt lat="41.75538" lon="2.9462400000000004">
    <ele>345.12</ele>
   </trkpt>
   <trkpt lat="41.75545" lon="2.9461500000000003">
    <ele>345.77000000000004</ele>
   </trkpt>
   <trkpt lat="41.755610000000004" lon="2.9460900000000003">
    <ele>346.63000000000005</ele>
   </trkpt>
   <trkpt lat="41.755700000000004" lon="2.9460800000000003">
    <ele>348.14</ele>
   </trkpt>
   <trkpt lat="41.75602000000001" lon="2.94613">
    <ele>349.57000000000005</ele>
   </trkpt>
   <trkpt lat="41.75625" lon="2.94625">
    <ele>351.52000000000004</ele>
   </trkpt>
   <trkpt lat="41.75657" lon="2.9462900000000003">
    <ele>353.99</ele>
   </trkpt>
   <trkpt lat="41.75681" lon="2.94619">
    <ele>356.39000000000004</ele>
   </trkpt>
   <trkpt lat="41.75694" lon="2.9461500000000003">
    <ele>356.39000000000004</ele>
   </trkpt>
   <trkpt lat="41.757000000000005" lon="2.9461500000000003">
    <ele>357.39000000000004</ele>
   </trkpt>
   <trkpt lat="41.757070000000006" lon="2.9461700000000004">
    <ele>357.39000000000004</ele>
   </trkpt>
   <trkpt lat="41.757290000000005" lon="2.9462900000000003">
    <ele>359.91</ele>
   </trkpt>
   <trkpt lat="41.75748" lon="2.94633">
    <ele>360.90000000000003</ele>
   </trkpt>
   <trkpt lat="41.75755" lon="2.9463600000000003">
    <ele>360.90000000000003</ele>
   </trkpt>
   <trkpt lat="41.757830000000006" lon="2.94654">
    <ele>363.37</ele>
   </trkpt>
   <trkpt lat="41.758050000000004" lon="2.9466400000000004">
    <ele>364.08</ele>
   </trkpt>
   <trkpt lat="41.758340000000004" lon="2.9468300000000003">
    <ele>364.3</ele>
   </trkpt>
   <trkpt lat="41.7584" lon="2.9468900000000002">
    <ele>364.3</ele>
   </trkpt>
   <trkpt lat="41.7586" lon="2.9472600000000004">
    <ele>364.52</ele>
   </trkpt>
   <trkpt lat="41.758630000000004" lon="2.94741">
    <ele>364.55</ele>
   </trkpt>
   <trkpt lat="41.75851" lon="2.94776">
    <ele>364.50000000000006</ele>
   </trkpt>
   <trkpt lat="41.758370000000006" lon="2.9485900000000003">
    <ele>365.04</ele>
   </trkpt>
   <trkpt lat="41.758340000000004" lon="2.9490200000000004">
    <ele>365.32000000000005</ele>
   </trkpt>
   <trkpt lat="41.75836" lon="2.94917">
    <ele>365.55</ele>
   </trkpt>
   <trkpt lat="41.75842" lon="2.94931">
    <ele>365.55</ele>
   </trkpt>
   <trkpt lat="41.75869" lon="2.9496900000000004">
    <ele>366.02</ele>
   </trkpt>
   <trkpt lat="41.75898" lon="2.94991">
    <ele>366.18</ele>
   </trkpt>
   <trkpt lat="41.759080000000004" lon="2.9499500000000003">
    <ele>366.50000000000006</ele>
   </trkpt>
   <trkpt lat="41.759190000000004" lon="2.9499500000000003">
    <ele>366.82000000000005</ele>
   </trkpt>
   <trkpt lat="41.7593" lon="2.9498900000000003">
    <ele>367.41</ele>
   </trkpt>
   <trkpt lat="41.759690000000006" lon="2.94918">
    <ele>372.97</ele>
   </trkpt>
   <trkpt lat="41.759730000000005" lon="2.9490800000000004">
    <ele>372.97</ele>
   </trkpt>
   <trkpt lat="41.75976" lon="2.9488900000000005">
    <ele>373.73</ele>
   </trkpt>
   <trkpt lat="41.759750000000004" lon="2.94876">
    <ele>375.46000000000004</ele>
   </trkpt>
   <trkpt lat="41.75968" lon="2.9484100000000004">
    <ele>376.22</ele>
   </trkpt>
   <trkpt lat="41.75968" lon="2.94822">
    <ele>379.38000000000005</ele>
   </trkpt>
   <trkpt lat="41.75963" lon="2.94808">
    <ele>379.91</ele>
   </trkpt>
   <trkpt lat="41.7597" lon="2.9481">
    <ele>380.21000000000004</ele>
   </trkpt>
   <trkpt lat="41.75968" lon="2.94822">
    <ele>379.70000000000005</ele>
   </trkpt>
   <trkpt lat="41.75968" lon="2.9484100000000004">
    <ele>379.70000000000005</ele>
   </trkpt>
   <trkpt lat="41.759750000000004" lon="2.94876">
    <ele>375.85</ele>
   </trkpt>
   <trkpt lat="41.75976" lon="2.9488900000000005">
    <ele>375.85</ele>
   </trkpt>
   <trkpt lat="41.759730000000005" lon="2.9490800000000004">
    <ele>373.34</ele>
   </trkpt>
   <trkpt lat="41.759690000000006" lon="2.94918">
    <ele>373.34</ele>
   </trkpt>
   <trkpt lat="41.7593" lon="2.9498900000000003">
    <ele>368.3</ele>
   </trkpt>
   <trkpt lat="41.759190000000004" lon="2.9499500000000003">
    <ele>367.62</ele>
   </trkpt>
   <trkpt lat="41.759080000000004" lon="2.9499500000000003">
    <ele>367.12000000000006</ele>
   </trkpt>
   <trkpt lat="41.75898" lon="2.94991">
    <ele>366.9</ele>
   </trkpt>
   <trkpt lat="41.75869" lon="2.9496900000000004">
    <ele>366.56000000000006</ele>
   </trkpt>
   <trkpt lat="41.75842" lon="2.94931">
    <ele>366.50000000000006</ele>
   </trkpt>
   <trkpt lat="41.75836" lon="2.94917">
    <ele>366.50000000000006</ele>
   </trkpt>
   <trkpt lat="41.758340000000004" lon="2.9490200000000004">
    <ele>366.43</ele>
   </trkpt>
   <trkpt lat="41.758370000000006" lon="2.9485900000000003">
    <ele>365.96</ele>
   </trkpt>
   <trkpt lat="41.75851" lon="2.94776">
    <ele>365.49</ele>
   </trkpt>
   <trkpt lat="41.758630000000004" lon="2.94741">
    <ele>365.48</ele>
   </trkpt>
   <trkpt lat="41.7586" lon="2.9472600000000004">
    <ele>365.45000000000005</ele>
   </trkpt>
   <trkpt lat="41.7584" lon="2.9468900000000002">
    <ele>365.3</ele>
   </trkpt>
   <trkpt lat="41.758340000000004" lon="2.9468300000000003">
    <ele>365.3</ele>
   </trkpt>
   <trkpt lat="41.758050000000004" lon="2.9466400000000004">
    <ele>365.16</ele>
   </trkpt>
   <trkpt lat="41.757830000000006" lon="2.94654">
    <ele>364.51000000000005</ele>
   </trkpt>
   <trkpt lat="41.75755" lon="2.9463600000000003">
    <ele>363.11</ele>
   </trkpt>
   <trkpt lat="41.75748" lon="2.94633">
    <ele>363.11</ele>
   </trkpt>
   <trkpt lat="41.757290000000005" lon="2.9462900000000003">
    <ele>360.63</ele>
   </trkpt>
   <trkpt lat="41.757070000000006" lon="2.9461700000000004">
    <ele>358.00000000000006</ele>
   </trkpt>
   <trkpt lat="41.757000000000005" lon="2.9461500000000003">
    <ele>358.00000000000006</ele>
   </trkpt>
   <trkpt lat="41.75694" lon="2.9461500000000003">
    <ele>358.00000000000006</ele>
   </trkpt>
   <trkpt lat="41.75681" lon="2.94619">
    <ele>357.32</ele>
   </trkpt>
   <trkpt lat="41.75657" lon="2.9462900000000003">
    <ele>354.16</ele>
   </trkpt>
   <trkpt lat="41.75625" lon="2.94625">
    <ele>351.24000000000007</ele>
   </trkpt>
   <trkpt lat="41.75602000000001" lon="2.94613">
    <ele>350.22</ele>
   </trkpt>
   <trkpt lat="41.755700000000004" lon="2.9460800000000003">
    <ele>348.05</ele>
   </trkpt>
   <trkpt lat="41.755610000000004" lon="2.9460900000000003">
    <ele>346.89000000000004</ele>
   </trkpt>
   <trkpt lat="41.75545" lon="2.9461500000000003">
    <ele>346.89000000000004</ele>
   </trkpt>
   <trkpt lat="41.75538" lon="2.9462400000000004">
    <ele>345.48</ele>
   </trkpt>
   <trkpt lat="41.75538" lon="2.9463500000000002">
    <ele>345.48</ele>
   </trkpt>
   <trkpt lat="41.75544" lon="2.94639">
    <ele>344.18</ele>
   </trkpt>
   <trkpt lat="41.75556" lon="2.9463600000000003">
    <ele>343.90000000000003</ele>
   </trkpt>
   <trkpt lat="41.75578" lon="2.94627">
    <ele>343.05</ele>
   </trkpt>
   <trkpt lat="41.75596" lon="2.9462800000000002">
    <ele>343.0</ele>
   </trkpt>
   <trkpt lat="41.75614" lon="2.94641">
    <ele>343.05</ele>
   </trkpt>
   <trkpt lat="41.75657" lon="2.9466200000000002">
    <ele>343.26</ele>
   </trkpt>
   <trkpt lat="41.75667000000001" lon="2.9466400000000004">
    <ele>343.26</ele>
   </trkpt>
   <trkpt lat="41.756710000000005" lon="2.9466300000000003">
    <ele>343.26</ele>
   </trkpt>
   <trkpt lat="41.756870000000006" lon="2.94652">
    <ele>343.36000000000007</ele>
   </trkpt>
   <trkpt lat="41.75695" lon="2.94652">
    <ele>343.37</ele>
   </trkpt>
   <trkpt lat="41.75712" lon="2.9466300000000003">
    <ele>343.41</ele>
   </trkpt>
   <trkpt lat="41.75732" lon="2.94668">
    <ele>343.45000000000005</ele>
   </trkpt>
   <trkpt lat="41.757380000000005" lon="2.9467100000000004">
    <ele>343.62</ele>
   </trkpt>
   <trkpt lat="41.757560000000005" lon="2.9468400000000003">
    <ele>343.66</ele>
   </trkpt>
   <trkpt lat="41.758050000000004" lon="2.94714">
    <ele>343.66</ele>
   </trkpt>
   <trkpt lat="41.758100000000006" lon="2.9471900000000004">
    <ele>343.61</ele>
   </trkpt>
   <trkpt lat="41.758140000000004" lon="2.94727">
    <ele>343.39000000000004</ele>
   </trkpt>
   <trkpt lat="41.75813" lon="2.9473800000000003">
    <ele>342.97</ele>
   </trkpt>
   <trkpt lat="41.75808000000001" lon="2.94749">
    <ele>342.41</ele>
   </trkpt>
   <trkpt lat="41.757960000000004" lon="2.9479400000000004">
    <ele>339.63000000000005</ele>
   </trkpt>
   <trkpt lat="41.75788" lon="2.9481300000000004">
    <ele>339.63000000000005</ele>
   </trkpt>
   <trkpt lat="41.757810000000006" lon="2.9483900000000003">
    <ele>336.36</ele>
   </trkpt>
   <trkpt lat="41.7575" lon="2.94925">
    <ele>332.1</ele>
   </trkpt>
   <trkpt lat="41.757540000000006" lon="2.9494100000000003">
    <ele>332.1</ele>
   </trkpt>
   <trkpt lat="41.757940000000005" lon="2.9501600000000003">
    <ele>328.28000000000003</ele>
   </trkpt>
   <trkpt lat="41.75804" lon="2.95052">
    <ele>326.64000000000004</ele>
   </trkpt>
   <trkpt lat="41.75813" lon="2.95075">
    <ele>325.55</ele>
   </trkpt>
   <trkpt lat="41.75815" lon="2.95087">
    <ele>325.55</ele>
   </trkpt>
   <trkpt lat="41.758050000000004" lon="2.95161">
    <ele>322.46000000000004</ele>
   </trkpt>
   <trkpt lat="41.75808000000001" lon="2.95175">
    <ele>322.46000000000004</ele>
   </trkpt>
   <trkpt lat="41.75826" lon="2.9523200000000003">
    <ele>320.28000000000003</ele>
   </trkpt>
   <trkpt lat="41.75833" lon="2.9527400000000004">
    <ele>318.86</ele>
   </trkpt>
   <trkpt lat="41.75831" lon="2.9531">
    <ele>317.87000000000006</ele>
   </trkpt>
   <trkpt lat="41.75826" lon="2.9533400000000003">
    <ele>316.69</ele>
   </trkpt>
   <trkpt lat="41.75818" lon="2.95351">
    <ele>316.69</ele>
   </trkpt>
   <trkpt lat="41.758120000000005" lon="2.95359">
    <ele>314.89</ele>
   </trkpt>
   <trkpt lat="41.758050000000004" lon="2.95365">
    <ele>314.89</ele>
   </trkpt>
   <trkpt lat="41.757960000000004" lon="2.9538300000000004">
    <ele>314.35</ele>
   </trkpt>
   <trkpt lat="41.75795" lon="2.95407">
    <ele>312.6</ele>
   </trkpt>
   <trkpt lat="41.757920000000006" lon="2.95426">
    <ele>312.6</ele>
   </trkpt>
   <trkpt lat="41.757870000000004" lon="2.9543700000000004">
    <ele>312.6</ele>
   </trkpt>
   <trkpt lat="41.75764" lon="2.95473">
    <ele>309.48</ele>
   </trkpt>
   <trkpt lat="41.75753" lon="2.955">
    <ele>307.47</ele>
   </trkpt>
   <trkpt lat="41.757540000000006" lon="2.9551800000000004">
    <ele>306.57</ele>
   </trkpt>
   <trkpt lat="41.75764" lon="2.9553100000000003">
    <ele>305.33000000000004</ele>
   </trkpt>
   <trkpt lat="41.7578" lon="2.95542">
    <ele>304.65000000000003</ele>
   </trkpt>
   <trkpt lat="41.75784" lon="2.9555200000000004">
    <ele>303.56000000000006</ele>
   </trkpt>
   <trkpt lat="41.75782" lon="2.95563">
    <ele>303.56000000000006</ele>
   </trkpt>
   <trkpt lat="41.757740000000005" lon="2.95568">
    <ele>302.54</ele>
   </trkpt>
   <trkpt lat="41.75757" lon="2.95568">
    <ele>301.3</ele>
   </trkpt>
   <trkpt lat="41.7575" lon="2.9556500000000003">
    <ele>300.13</ele>
   </trkpt>
   <trkpt lat="41.75744" lon="2.9556000000000004">
    <ele>300.13</ele>
   </trkpt>
   <trkpt lat="41.757380000000005" lon="2.9555000000000002">
    <ele>298.31</ele>
   </trkpt>
   <trkpt lat="41.75726" lon="2.9549200000000004">
    <ele>297.19</ele>
   </trkpt>
   <trkpt lat="41.757270000000005" lon="2.9548400000000004">
    <ele>297.19</ele>
   </trkpt>
   <trkpt lat="41.7575" lon="2.9541000000000004">
    <ele>289.21000000000004</ele>
   </trkpt>
   <trkpt lat="41.75752000000001" lon="2.9535600000000004">
    <ele>286.73</ele>
   </trkpt>
   <trkpt lat="41.757560000000005" lon="2.95345">
    <ele>285.96999999999997</ele>
   </trkpt>
   <trkpt lat="41.75773" lon="2.9531500000000004">
    <ele>283.26</ele>
   </trkpt>
   <trkpt lat="41.757780000000004" lon="2.9530100000000004">
    <ele>281.48</ele>
   </trkpt>
   <trkpt lat="41.75779" lon="2.9528900000000005">
    <ele>281.48</ele>
   </trkpt>
   <trkpt lat="41.75775" lon="2.9524000000000004">
    <ele>279.04</ele>
   </trkpt>
   <trkpt lat="41.75771" lon="2.9522700000000004">
    <ele>278.04</ele>
   </trkpt>
   <trkpt lat="41.75764" lon="2.95215">
    <ele>278.04</ele>
   </trkpt>
   <trkpt lat="41.757380000000005" lon="2.9518700000000004">
    <ele>274.42</ele>
   </trkpt>
   <trkpt lat="41.75732" lon="2.95169">
    <ele>274.42</ele>
   </trkpt>
   <trkpt lat="41.757360000000006" lon="2.95147">
    <ele>272.01000000000005</ele>
   </trkpt>
   <trkpt lat="41.75748" lon="2.95121">
    <ele>270.89</ele>
   </trkpt>
   <trkpt lat="41.75748" lon="2.95113">
    <ele>270.89</ele>
   </trkpt>
   <trkpt lat="41.757270000000005" lon="2.95067">
    <ele>268.7</ele>
   </trkpt>
   <trkpt lat="41.75714000000001" lon="2.9505100000000004">
    <ele>267.35</ele>
   </trkpt>
   <trkpt lat="41.75705000000001" lon="2.95034">
    <ele>267.35</ele>
   </trkpt>
   <trkpt lat="41.756980000000006" lon="2.9502800000000002">
    <ele>267.35</ele>
   </trkpt>
   <trkpt lat="41.756890000000006" lon="2.95025">
    <ele>265.06</ele>
   </trkpt>
   <trkpt lat="41.75677" lon="2.95025">
    <ele>265.06</ele>
   </trkpt>
   <trkpt lat="41.7567" lon="2.9502300000000004">
    <ele>265.06</ele>
   </trkpt>
   <trkpt lat="41.75634" lon="2.94998">
    <ele>262.47</ele>
   </trkpt>
   <trkpt lat="41.75623" lon="2.9499600000000004">
    <ele>262.47</ele>
   </trkpt>
   <trkpt lat="41.75607" lon="2.9499700000000004">
    <ele>261.79</ele>
   </trkpt>
   <trkpt lat="41.75573000000001" lon="2.95006">
    <ele>260.03000000000003</ele>
   </trkpt>
   <trkpt lat="41.7554" lon="2.9502200000000003">
    <ele>256.37000000000006</ele>
   </trkpt>
   <trkpt lat="41.75524" lon="2.9502800000000002">
    <ele>256.37000000000006</ele>
   </trkpt>
   <trkpt lat="41.755050000000004" lon="2.9502900000000003">
    <ele>254.84</ele>
   </trkpt>
   <trkpt lat="41.75479000000001" lon="2.95027">
    <ele>253.5</ele>
   </trkpt>
   <trkpt lat="41.754740000000005" lon="2.9502900000000003">
    <ele>252.9</ele>
   </trkpt>
   <trkpt lat="41.75471" lon="2.95039">
    <ele>252.57000000000002</ele>
   </trkpt>
   <trkpt lat="41.754760000000005" lon="2.95046">
    <ele>251.82000000000005</ele>
   </trkpt>
   <trkpt lat="41.75489" lon="2.9504500000000005">
    <ele>249.8</ele>
   </trkpt>
   <trkpt lat="41.75495" lon="2.95047">
    <ele>249.8</ele>
   </trkpt>
   <trkpt lat="41.755160000000004" lon="2.95061">
    <ele>248.70000000000002</ele>
   </trkpt>
   <trkpt lat="41.755210000000005" lon="2.9506200000000002">
    <ele>247.33</ele>
   </trkpt>
   <trkpt lat="41.755280000000006" lon="2.9506200000000002">
    <ele>247.33</ele>
   </trkpt>
   <trkpt lat="41.755390000000006" lon="2.9505800000000004">
    <ele>247.33</ele>
   </trkpt>
   <trkpt lat="41.75565" lon="2.9504400000000004">
    <ele>244.03000000000003</ele>
   </trkpt>
   <trkpt lat="41.75578" lon="2.95039">
    <ele>244.03000000000003</ele>
   </trkpt>
   <trkpt lat="41.75601" lon="2.95039">
    <ele>240.56000000000003</ele>
   </trkpt>
   <trkpt lat="41.756190000000004" lon="2.9504300000000003">
    <ele>240.56000000000003</ele>
   </trkpt>
   <trkpt lat="41.756240000000005" lon="2.95046">
    <ele>240.56000000000003</ele>
   </trkpt>
   <trkpt lat="41.75638" lon="2.9506500000000004">
    <ele>237.72</ele>
   </trkpt>
   <trkpt lat="41.756460000000004" lon="2.95073">
    <ele>237.09000000000003</ele>
   </trkpt>
   <trkpt lat="41.756690000000006" lon="2.95088">
    <ele>235.66</ele>
   </trkpt>
   <trkpt lat="41.75686" lon="2.95108">
    <ele>234.94</ele>
   </trkpt>
   <trkpt lat="41.756890000000006" lon="2.9511900000000004">
    <ele>234.45000000000002</ele>
   </trkpt>
   <trkpt lat="41.756660000000004" lon="2.9518700000000004">
    <ele>230.22</ele>
   </trkpt>
   <trkpt lat="41.75667000000001" lon="2.9520000000000004">
    <ele>229.56</ele>
   </trkpt>
   <trkpt lat="41.756840000000004" lon="2.9523400000000004">
    <ele>227.58000000000004</ele>
   </trkpt>
   <trkpt lat="41.756910000000005" lon="2.9525300000000003">
    <ele>226.87</ele>
   </trkpt>
   <trkpt lat="41.75692" lon="2.95263">
    <ele>226.54000000000002</ele>
   </trkpt>
   <trkpt lat="41.75688" lon="2.95276">
    <ele>226.54000000000002</ele>
   </trkpt>
   <trkpt lat="41.75668" lon="2.9529900000000002">
    <ele>226.16000000000003</ele>
   </trkpt>
   <trkpt lat="41.756600000000006" lon="2.9531300000000003">
    <ele>226.13000000000002</ele>
   </trkpt>
   <trkpt lat="41.756600000000006" lon="2.9532700000000003">
    <ele>226.11</ele>
   </trkpt>
   <trkpt lat="41.756640000000004" lon="2.9534900000000004">
    <ele>225.92000000000002</ele>
   </trkpt>
   <trkpt lat="41.75663" lon="2.9535400000000003">
    <ele>225.81</ele>
   </trkpt>
   <trkpt lat="41.75656" lon="2.9536300000000004">
    <ele>225.49</ele>
   </trkpt>
   <trkpt lat="41.7565" lon="2.95366">
    <ele>225.28</ele>
   </trkpt>
   <trkpt lat="41.75639" lon="2.9536800000000003">
    <ele>224.47000000000003</ele>
   </trkpt>
   <trkpt lat="41.756220000000006" lon="2.9536800000000003">
    <ele>222.98000000000002</ele>
   </trkpt>
   <trkpt lat="41.756060000000005" lon="2.9537400000000003">
    <ele>222.98000000000002</ele>
   </trkpt>
   <trkpt lat="41.755970000000005" lon="2.9538">
    <ele>220.98000000000002</ele>
   </trkpt>
   <trkpt lat="41.755860000000006" lon="2.95393">
    <ele>220.98000000000002</ele>
   </trkpt>
   <trkpt lat="41.75582" lon="2.9541100000000005">
    <ele>219.15</ele>
   </trkpt>
   <trkpt lat="41.75582" lon="2.95433">
    <ele>219.15</ele>
   </trkpt>
   <trkpt lat="41.75583" lon="2.9544900000000003">
    <ele>218.28000000000003</ele>
   </trkpt>
   <trkpt lat="41.755900000000004" lon="2.9547600000000003">
    <ele>217.51</ele>
   </trkpt>
   <trkpt lat="41.755900000000004" lon="2.9549600000000003">
    <ele>216.07000000000002</ele>
   </trkpt>
   <trkpt lat="41.75583" lon="2.9551200000000004">
    <ele>215.06000000000003</ele>
   </trkpt>
   <trkpt lat="41.75569" lon="2.9553000000000003">
    <ele>215.06000000000003</ele>
   </trkpt>
   <trkpt lat="41.75556" lon="2.95562">
    <ele>212.07</ele>
   </trkpt>
   <trkpt lat="41.75529" lon="2.9559">
    <ele>210.42000000000002</ele>
   </trkpt>
   <trkpt lat="41.755210000000005" lon="2.9560600000000004">
    <ele>210.42000000000002</ele>
   </trkpt>
   <trkpt lat="41.755120000000005" lon="2.9565900000000003">
    <ele>207.26000000000002</ele>
   </trkpt>
   <trkpt lat="41.75493" lon="2.9571">
    <ele>204.65000000000003</ele>
   </trkpt>
   <trkpt lat="41.75484" lon="2.95719">
    <ele>203.88</ele>
   </trkpt>
   <trkpt lat="41.754540000000006" lon="2.9572200000000004">
    <ele>203.03</ele>
   </trkpt>
   <trkpt lat="41.754340000000006" lon="2.95717">
    <ele>203.03</ele>
   </trkpt>
   <trkpt lat="41.75419" lon="2.9572100000000003">
    <ele>198.76000000000002</ele>
   </trkpt>
   <trkpt lat="41.7541" lon="2.9572700000000003">
    <ele>198.76000000000002</ele>
   </trkpt>
   <trkpt lat="41.75397" lon="2.9574000000000003">
    <ele>197.9</ele>
   </trkpt>
   <trkpt lat="41.753870000000006" lon="2.95745">
    <ele>197.9</ele>
   </trkpt>
   <trkpt lat="41.7533" lon="2.95758">
    <ele>195.14000000000001</ele>
   </trkpt>
   <trkpt lat="41.75323" lon="2.95766">
    <ele>194.03</ele>
   </trkpt>
   <trkpt lat="41.75314" lon="2.9578200000000003">
    <ele>193.64000000000001</ele>
   </trkpt>
   <trkpt lat="41.75305" lon="2.95785">
    <ele>193.21</ele>
   </trkpt>
   <trkpt lat="41.752900000000004" lon="2.9578">
    <ele>192.24</ele>
   </trkpt>
   <trkpt lat="41.75256" lon="2.9575600000000004">
    <ele>190.64</ele>
   </trkpt>
   <trkpt lat="41.752500000000005" lon="2.9575400000000003">
    <ele>190.64</ele>
   </trkpt>
   <trkpt lat="41.752430000000004" lon="2.9575500000000003">
    <ele>188.35000000000002</ele>
   </trkpt>
   <trkpt lat="41.75218" lon="2.9577400000000003">
    <ele>187.67</ele>
   </trkpt>
   <trkpt lat="41.75207" lon="2.95787">
    <ele>187.67</ele>
   </trkpt>
   <trkpt lat="41.75204" lon="2.9579400000000002">
    <ele>187.67</ele>
   </trkpt>
   <trkpt lat="41.752050000000004" lon="2.9582300000000004">
    <ele>186.02</ele>
   </trkpt>
   <trkpt lat="41.75202" lon="2.9583000000000004">
    <ele>185.54000000000002</ele>
   </trkpt>
   <trkpt lat="41.751940000000005" lon="2.95841">
    <ele>185.00000000000003</ele>
   </trkpt>
   <trkpt lat="41.75182" lon="2.95845">
    <ele>184.05</ele>
   </trkpt>
   <trkpt lat="41.75159" lon="2.95841">
    <ele>182.65</ele>
   </trkpt>
   <trkpt lat="41.75153" lon="2.9584400000000004">
    <ele>181.53000000000003</ele>
   </trkpt>
   <trkpt lat="41.751470000000005" lon="2.9585000000000004">
    <ele>180.73</ele>
   </trkpt>
   <trkpt lat="41.75141" lon="2.95867">
    <ele>180.73</ele>
   </trkpt>
   <trkpt lat="41.75142" lon="2.9589100000000004">
    <ele>178.22000000000003</ele>
   </trkpt>
   <trkpt lat="41.7515" lon="2.9591200000000004">
    <ele>176.0</ele>
   </trkpt>
   <trkpt lat="41.75171" lon="2.9593100000000003">
    <ele>174.32</ele>
   </trkpt>
   <trkpt lat="41.751830000000005" lon="2.95949">
    <ele>173.27</ele>
   </trkpt>
   <trkpt lat="41.751920000000005" lon="2.9597300000000004">
    <ele>173.27</ele>
   </trkpt>
   <trkpt lat="41.751960000000004" lon="2.9600400000000002">
    <ele>166.3</ele>
   </trkpt>
   <trkpt lat="41.751940000000005" lon="2.9601900000000003">
    <ele>166.3</ele>
   </trkpt>
   <trkpt lat="41.7516" lon="2.96084">
    <ele>164.4</ele>
   </trkpt>
   <trkpt lat="41.75159" lon="2.9609900000000002">
    <ele>163.29000000000002</ele>
   </trkpt>
   <trkpt lat="41.751630000000006" lon="2.9611400000000003">
    <ele>162.71</ele>
   </trkpt>
   <trkpt lat="41.75159" lon="2.96131">
    <ele>161.70000000000002</ele>
   </trkpt>
   <trkpt lat="41.7515" lon="2.9614200000000004">
    <ele>160.95000000000002</ele>
   </trkpt>
   <trkpt lat="41.751270000000005" lon="2.9616200000000004">
    <ele>158.55</ele>
   </trkpt>
   <trkpt lat="41.75122" lon="2.96172">
    <ele>158.55</ele>
   </trkpt>
   <trkpt lat="41.75122" lon="2.9618800000000003">
    <ele>155.28</ele>
   </trkpt>
   <trkpt lat="41.75132000000001" lon="2.96214">
    <ele>154.49</ele>
   </trkpt>
   <trkpt lat="41.751380000000005" lon="2.9624300000000003">
    <ele>152.28</ele>
   </trkpt>
   <trkpt lat="41.75137" lon="2.96275">
    <ele>152.28</ele>
   </trkpt>
   <trkpt lat="41.751270000000005" lon="2.9630500000000004">
    <ele>146.19</ele>
   </trkpt>
   <trkpt lat="41.75101" lon="2.9633200000000004">
    <ele>146.19</ele>
   </trkpt>
   <trkpt lat="41.75097" lon="2.96348">
    <ele>143.9</ele>
   </trkpt>
   <trkpt lat="41.75099" lon="2.96368">
    <ele>143.9</ele>
   </trkpt>
   <trkpt lat="41.751020000000004" lon="2.96375">
    <ele>143.16</ele>
   </trkpt>
   <trkpt lat="41.75123000000001" lon="2.9640000000000004">
    <ele>140.48000000000002</ele>
   </trkpt>
   <trkpt lat="41.7513" lon="2.9641200000000003">
    <ele>140.48000000000002</ele>
   </trkpt>
   <trkpt lat="41.75142" lon="2.9647500000000004">
    <ele>135.81</ele>
   </trkpt>
   <trkpt lat="41.751430000000006" lon="2.9650100000000004">
    <ele>135.08</ele>
   </trkpt>
   <trkpt lat="41.75139" lon="2.96531">
    <ele>133.05</ele>
   </trkpt>
   <trkpt lat="41.751110000000004" lon="2.96599">
    <ele>129.07999999999998</ele>
   </trkpt>
   <trkpt lat="41.751020000000004" lon="2.96614">
    <ele>127.51</ele>
   </trkpt>
   <trkpt lat="41.750960000000006" lon="2.9662100000000002">
    <ele>127.51</ele>
   </trkpt>
   <trkpt lat="41.750730000000004" lon="2.9663500000000003">
    <ele>125.94000000000003</ele>
   </trkpt>
   <trkpt lat="41.750690000000006" lon="2.96641">
    <ele>125.94000000000003</ele>
   </trkpt>
   <trkpt lat="41.7507" lon="2.96653">
    <ele>124.88</ele>
   </trkpt>
   <trkpt lat="41.75072" lon="2.9665800000000004">
    <ele>124.88</ele>
   </trkpt>
   <trkpt lat="41.75086" lon="2.9667700000000004">
    <ele>122.92000000000002</ele>
   </trkpt>
   <trkpt lat="41.750960000000006" lon="2.9669700000000003">
    <ele>121.81000000000002</ele>
   </trkpt>
   <trkpt lat="41.750960000000006" lon="2.9670400000000003">
    <ele>121.81000000000002</ele>
   </trkpt>
   <trkpt lat="41.75092" lon="2.9671200000000004">
    <ele>120.94</ele>
   </trkpt>
   <trkpt lat="41.750780000000006" lon="2.9668400000000004">
    <ele>119.62</ele>
   </trkpt>
   <trkpt lat="41.75045" lon="2.9664400000000004">
    <ele>117.56</ele>
   </trkpt>
   <trkpt lat="41.75039" lon="2.9662900000000003">
    <ele>116.10000000000001</ele>
   </trkpt>
   <trkpt lat="41.75039" lon="2.9662100000000002">
    <ele>116.10000000000001</ele>
   </trkpt>
   <trkpt lat="41.75043" lon="2.96614">
    <ele>116.10000000000001</ele>
   </trkpt>
   <trkpt lat="41.75059" lon="2.96607">
    <ele>113.25</ele>
   </trkpt>
   <trkpt lat="41.75067000000001" lon="2.96605">
    <ele>113.25</ele>
   </trkpt>
   <trkpt lat="41.750780000000006" lon="2.96598">
    <ele>113.25</ele>
   </trkpt>
   <trkpt lat="41.75083" lon="2.96592">
    <ele>112.12</ele>
   </trkpt>
   <trkpt lat="41.75103" lon="2.9654100000000003">
    <ele>109.86000000000001</ele>
   </trkpt>
   <trkpt lat="41.75106" lon="2.96525">
    <ele>109.08000000000001</ele>
   </trkpt>
   <trkpt lat="41.75104" lon="2.9649900000000002">
    <ele>108.00000000000001</ele>
   </trkpt>
   <trkpt lat="41.7509" lon="2.9645500000000005">
    <ele>106.95</ele>
   </trkpt>
   <trkpt lat="41.750820000000004" lon="2.96442">
    <ele>106.95</ele>
   </trkpt>
   <trkpt lat="41.75066" lon="2.9642500000000003">
    <ele>103.10000000000001</ele>
   </trkpt>
   <trkpt lat="41.750510000000006" lon="2.96396">
    <ele>102.05</ele>
   </trkpt>
   <trkpt lat="41.75036" lon="2.96347">
    <ele>100.42</ele>
   </trkpt>
   <trkpt lat="41.75034" lon="2.9632600000000004">
    <ele>99.84</ele>
   </trkpt>
   <trkpt lat="41.75036" lon="2.9631100000000004">
    <ele>98.62</ele>
   </trkpt>
   <trkpt lat="41.750420000000005" lon="2.9629600000000003">
    <ele>98.62</ele>
   </trkpt>
   <trkpt lat="41.75061" lon="2.96268">
    <ele>97.36</ele>
   </trkpt>
   <trkpt lat="41.75065" lon="2.96259">
    <ele>96.98</ele>
   </trkpt>
   <trkpt lat="41.75065" lon="2.9624400000000004">
    <ele>96.56</ele>
   </trkpt>
   <trkpt lat="41.750600000000006" lon="2.96233">
    <ele>96.09</ele>
   </trkpt>
   <trkpt lat="41.75011000000001" lon="2.96172">
    <ele>92.18</ele>
   </trkpt>
   <trkpt lat="41.749990000000004" lon="2.9615">
    <ele>90.23</ele>
   </trkpt>
   <trkpt lat="41.749950000000005" lon="2.9613600000000004">
    <ele>90.23</ele>
   </trkpt>
   <trkpt lat="41.74996" lon="2.96119">
    <ele>89.45</ele>
   </trkpt>
   <trkpt lat="41.75001" lon="2.9610600000000002">
    <ele>88.31000000000002</ele>
   </trkpt>
   <trkpt lat="41.75014" lon="2.9609">
    <ele>87.4</ele>
   </trkpt>
   <trkpt lat="41.750370000000004" lon="2.96077">
    <ele>85.74000000000001</ele>
   </trkpt>
   <trkpt lat="41.750440000000005" lon="2.9606800000000004">
    <ele>85.74000000000001</ele>
   </trkpt>
   <trkpt lat="41.75047" lon="2.96058">
    <ele>83.61</ele>
   </trkpt>
   <trkpt lat="41.750460000000004" lon="2.96043">
    <ele>83.61</ele>
   </trkpt>
   <trkpt lat="41.750400000000006" lon="2.9602700000000004">
    <ele>82.59</ele>
   </trkpt>
   <trkpt lat="41.75016" lon="2.9599200000000003">
    <ele>79.52000000000001</ele>
   </trkpt>
   <trkpt lat="41.750020000000006" lon="2.9598500000000003">
    <ele>78.62</ele>
   </trkpt>
   <trkpt lat="41.749770000000005" lon="2.95982">
    <ele>77.55000000000001</ele>
   </trkpt>
   <trkpt lat="41.74965" lon="2.95969">
    <ele>76.43</ele>
   </trkpt>
   <trkpt lat="41.7496" lon="2.95954">
    <ele>75.65</ele>
   </trkpt>
   <trkpt lat="41.749520000000004" lon="2.95915">
    <ele>72.69</ele>
   </trkpt>
   <trkpt lat="41.749520000000004" lon="2.95887">
    <ele>72.16</ele>
   </trkpt>
   <trkpt lat="41.749590000000005" lon="2.9584200000000003">
    <ele>70.71000000000001</ele>
   </trkpt>
   <trkpt lat="41.749700000000004" lon="2.95807">
    <ele>70.12</ele>
   </trkpt>
   <trkpt lat="41.749750000000006" lon="2.958">
    <ele>69.72</ele>
   </trkpt>
   <trkpt lat="41.749950000000005" lon="2.9578900000000004">
    <ele>69.18</ele>
   </trkpt>
   <trkpt lat="41.7501" lon="2.9577400000000003">
    <ele>68.98</ele>
   </trkpt>
   <trkpt lat="41.750220000000006" lon="2.95757">
    <ele>68.67</ele>
   </trkpt>
   <trkpt lat="41.75025" lon="2.9574200000000004">
    <ele>68.64</ele>
   </trkpt>
   <trkpt lat="41.750220000000006" lon="2.9572900000000004">
    <ele>68.71000000000001</ele>
   </trkpt>
   <trkpt lat="41.75016" lon="2.9572100000000003">
    <ele>68.83</ele>
   </trkpt>
   <trkpt lat="41.75011000000001" lon="2.95719">
    <ele>68.83</ele>
   </trkpt>
   <trkpt lat="41.750040000000006" lon="2.95719">
    <ele>69.07000000000001</ele>
   </trkpt>
   <trkpt lat="41.74967" lon="2.9573500000000004">
    <ele>70.02</ele>
   </trkpt>
   <trkpt lat="41.74958" lon="2.9573600000000004">
    <ele>70.13000000000001</ele>
   </trkpt>
   <trkpt lat="41.749480000000005" lon="2.95732">
    <ele>70.24000000000001</ele>
   </trkpt>
   <trkpt lat="41.74942" lon="2.9572700000000003">
    <ele>70.24000000000001</ele>
   </trkpt>
   <trkpt lat="41.74935000000001" lon="2.95717">
    <ele>70.16</ele>
   </trkpt>
   <trkpt lat="41.749230000000004" lon="2.9568200000000004">
    <ele>69.91</ele>
   </trkpt>
   <trkpt lat="41.74915" lon="2.9566700000000004">
    <ele>69.91</ele>
   </trkpt>
   <trkpt lat="41.74906" lon="2.9566100000000004">
    <ele>70.04</ele>
   </trkpt>
   <trkpt lat="41.749" lon="2.9566100000000004">
    <ele>70.04</ele>
   </trkpt>
   <trkpt lat="41.74895" lon="2.95663">
    <ele>70.04</ele>
   </trkpt>
   <trkpt lat="41.74841000000001" lon="2.9572900000000004">
    <ele>72.39000000000001</ele>
   </trkpt>
   <trkpt lat="41.74837" lon="2.95745">
    <ele>73.85000000000001</ele>
   </trkpt>
   <trkpt lat="41.748380000000004" lon="2.9578800000000003">
    <ele>74.63</ele>
   </trkpt>
   <trkpt lat="41.74833" lon="2.9581600000000003">
    <ele>76.9</ele>
   </trkpt>
   <trkpt lat="41.74833" lon="2.95813">
    <ele>73.51</ele>
   </trkpt>
   <trkpt lat="41.74811000384991" lon="2.9590700031388115">
    <ele>73.21000000000001</ele>
   </trkpt>
   <trkpt lat="41.747890000000005" lon="2.96001">
    <ele>72.58</ele>
   </trkpt>
   <trkpt lat="41.747690000000006" lon="2.96051">
    <ele>75.92</ele>
   </trkpt>
   <trkpt lat="41.748050000000006" lon="2.9612600000000002">
    <ele>55.800000000000004</ele>
   </trkpt>
   <trkpt lat="41.748090000000005" lon="2.96214">
    <ele>49.6</ele>
   </trkpt>
   <trkpt lat="41.74772500089563" lon="2.962595002589198">
    <ele>62.37</ele>
   </trkpt>
   <trkpt lat="41.74736" lon="2.9630500000000004">
    <ele>72.94</ele>
   </trkpt>
   <trkpt lat="41.747" lon="2.9634400000000003">
    <ele>78.87</ele>
   </trkpt>
   <trkpt lat="41.746930005052796" lon="2.9645200012363295">
    <ele>51.95</ele>
   </trkpt>
   <trkpt lat="41.746860000000005" lon="2.9656000000000002">
    <ele>26.92</ele>
   </trkpt>
   <trkpt lat="41.747060000000005" lon="2.96558">
    <ele>27.22</ele>
   </trkpt>
   <trkpt lat="41.747285001896415" lon="2.96492500218933">
    <ele>39.7</ele>
   </trkpt>
   <trkpt lat="41.747510000000005" lon="2.9642700000000004">
    <ele>48.45</ele>
   </trkpt>
   <trkpt lat="41.74824" lon="2.9639100000000003">
    <ele>40.400000000000006</ele>
   </trkpt>
   <trkpt lat="41.74869" lon="2.96314">
    <ele>37.11000000000001</ele>
   </trkpt>
   <trkpt lat="41.74888000000001" lon="2.96382">
    <ele>38.970000000000006</ele>
   </trkpt>
   <trkpt lat="41.74846" lon="2.9647200000000002">
    <ele>36.39000000000001</ele>
   </trkpt>
   <trkpt lat="41.74799" lon="2.9653600000000004">
    <ele>27.500000000000004</ele>
   </trkpt>
   <trkpt lat="41.747840000000004" lon="2.9653">
    <ele>28.080000000000002</ele>
   </trkpt>
   <trkpt lat="41.7477" lon="2.9656900000000004">
    <ele>23.83</ele>
   </trkpt>
   <trkpt lat="41.74783" lon="2.9653">
    <ele>28.080000000000002</ele>
   </trkpt>
   <trkpt lat="41.74799" lon="2.9653600000000004">
    <ele>27.500000000000004</ele>
   </trkpt>
   <trkpt lat="41.74846" lon="2.9647200000000002">
    <ele>36.39000000000001</ele>
   </trkpt>
   <trkpt lat="41.74888000000001" lon="2.96382">
    <ele>38.970000000000006</ele>
   </trkpt>
   <trkpt lat="41.74869" lon="2.96314">
    <ele>37.11000000000001</ele>
   </trkpt>
   <trkpt lat="41.74824" lon="2.9639100000000003">
    <ele>40.400000000000006</ele>
   </trkpt>
   <trkpt lat="41.747510000000005" lon="2.9642700000000004">
    <ele>48.45</ele>
   </trkpt>
   <trkpt lat="41.74728000191384" lon="2.9649250021929845">
    <ele>39.7</ele>
   </trkpt>
   <trkpt lat="41.74705" lon="2.96558">
    <ele>27.22</ele>
   </trkpt>
   <trkpt lat="41.746860000000005" lon="2.9656000000000002">
    <ele>26.92</ele>
   </trkpt>
   <trkpt lat="41.74693000506041" lon="2.96452000111876">
    <ele>54.61000000000001</ele>
   </trkpt>
   <trkpt lat="41.747" lon="2.9634400000000003">
    <ele>78.87</ele>
   </trkpt>
   <trkpt lat="41.74736" lon="2.9630500000000004">
    <ele>72.94</ele>
   </trkpt>
   <trkpt lat="41.74772500089938" lon="2.962595002584509">
    <ele>62.37</ele>
   </trkpt>
   <trkpt lat="41.748090000000005" lon="2.96214">
    <ele>49.82</ele>
   </trkpt>
   <trkpt lat="41.748050000000006" lon="2.9612600000000002">
    <ele>55.800000000000004</ele>
   </trkpt>
   <trkpt lat="41.747690000000006" lon="2.96051">
    <ele>75.92</ele>
   </trkpt>
   <trkpt lat="41.747890000000005" lon="2.96001">
    <ele>72.58</ele>
   </trkpt>
   <trkpt lat="41.74811000381133" lon="2.959070003303681">
    <ele>73.21000000000001</ele>
   </trkpt>
   <trkpt lat="41.74833" lon="2.95813">
    <ele>73.51</ele>
   </trkpt>
   <trkpt lat="41.74828" lon="2.9583500000000003">
    <ele>77.61000000000001</ele>
   </trkpt>
   <trkpt lat="41.7481" lon="2.95867">
    <ele>79.13000000000001</ele>
   </trkpt>
   <trkpt lat="41.747890000000005" lon="2.9589800000000004">
    <ele>81.57000000000001</ele>
   </trkpt>
   <trkpt lat="41.747840000000004" lon="2.9591000000000003">
    <ele>81.59</ele>
   </trkpt>
   <trkpt lat="41.74781" lon="2.9595300000000004">
    <ele>82.80000000000001</ele>
   </trkpt>
   <trkpt lat="41.74772" lon="2.9596600000000004">
    <ele>82.80000000000001</ele>
   </trkpt>
   <trkpt lat="41.74759" lon="2.95975">
    <ele>85.87</ele>
   </trkpt>
   <trkpt lat="41.747530000000005" lon="2.95976">
    <ele>85.87</ele>
   </trkpt>
   <trkpt lat="41.747260000000004" lon="2.95974">
    <ele>86.34000000000002</ele>
   </trkpt>
   <trkpt lat="41.747130000000006" lon="2.9597800000000003">
    <ele>87.69</ele>
   </trkpt>
   <trkpt lat="41.747040000000005" lon="2.9598600000000004">
    <ele>88.16</ele>
   </trkpt>
   <trkpt lat="41.747" lon="2.95995">
    <ele>88.16</ele>
   </trkpt>
   <trkpt lat="41.74698" lon="2.9600500000000003">
    <ele>88.16</ele>
   </trkpt>
   <trkpt lat="41.747" lon="2.96023">
    <ele>90.36000000000001</ele>
   </trkpt>
   <trkpt lat="41.74726000110645" lon="2.9607449978284457">
    <ele>92.55000000000001</ele>
   </trkpt>
   <trkpt lat="41.74752" lon="2.9612600000000002">
    <ele>95.96000000000001</ele>
   </trkpt>
   <trkpt lat="41.74754" lon="2.9613500000000004">
    <ele>95.96000000000001</ele>
   </trkpt>
   <trkpt lat="41.74747000000001" lon="2.96157">
    <ele>96.84</ele>
   </trkpt>
   <trkpt lat="41.74725" lon="2.9618900000000004">
    <ele>98.77000000000001</ele>
   </trkpt>
   <trkpt lat="41.74721" lon="2.96192">
    <ele>98.77000000000001</ele>
   </trkpt>
   <trkpt lat="41.747150000000005" lon="2.9619400000000002">
    <ele>100.43</ele>
   </trkpt>
   <trkpt lat="41.74676" lon="2.9619000000000004">
    <ele>101.72</ele>
   </trkpt>
   <trkpt lat="41.746700000000004" lon="2.96192">
    <ele>101.72</ele>
   </trkpt>
   <trkpt lat="41.7466" lon="2.9620400000000005">
    <ele>103.67000000000002</ele>
   </trkpt>
   <trkpt lat="41.746520000000004" lon="2.96226">
    <ele>104.26</ele>
   </trkpt>
   <trkpt lat="41.74616" lon="2.9628500000000004">
    <ele>108.26</ele>
   </trkpt>
   <trkpt lat="41.74604" lon="2.9629700000000003">
    <ele>109.76</ele>
   </trkpt>
   <trkpt lat="41.746" lon="2.9629800000000004">
    <ele>109.76</ele>
   </trkpt>
   <trkpt lat="41.745900000000006" lon="2.96293">
    <ele>109.92</ele>
   </trkpt>
   <trkpt lat="41.74539000180227" lon="2.962269994645929">
    <ele>109.50000000000001</ele>
   </trkpt>
   <trkpt lat="41.74488" lon="2.9616100000000003">
    <ele>106.89000000000001</ele>
   </trkpt>
   <trkpt lat="41.74459" lon="2.96104">
    <ele>104.16</ele>
   </trkpt>
   <trkpt lat="41.744460000000004" lon="2.96084">
    <ele>103.57000000000001</ele>
   </trkpt>
   <trkpt lat="41.744350000000004" lon="2.9608100000000004">
    <ele>103.24000000000001</ele>
   </trkpt>
   <trkpt lat="41.744260000000004" lon="2.9608200000000005">
    <ele>103.24000000000001</ele>
   </trkpt>
   <trkpt lat="41.743860000000005" lon="2.9609300000000003">
    <ele>101.36</ele>
   </trkpt>
   <trkpt lat="41.743730000000006" lon="2.9609500000000004">
    <ele>100.74000000000001</ele>
   </trkpt>
   <trkpt lat="41.74362" lon="2.9609500000000004">
    <ele>100.74000000000001</ele>
   </trkpt>
   <trkpt lat="41.74354" lon="2.9609300000000003">
    <ele>100.22</ele>
   </trkpt>
   <trkpt lat="41.74347" lon="2.9609">
    <ele>99.84</ele>
   </trkpt>
   <trkpt lat="41.74342" lon="2.96085">
    <ele>99.84</ele>
   </trkpt>
   <trkpt lat="41.743190000000006" lon="2.96049">
    <ele>97.34</ele>
   </trkpt>
   <trkpt lat="41.743100000000005" lon="2.96031">
    <ele>97.34</ele>
   </trkpt>
   <trkpt lat="41.74304" lon="2.95996">
    <ele>96.19000000000001</ele>
   </trkpt>
   <trkpt lat="41.743050000000004" lon="2.95969">
    <ele>95.29</ele>
   </trkpt>
   <trkpt lat="41.743050000000004" lon="2.9593900000000004">
    <ele>94.58000000000001</ele>
   </trkpt>
   <trkpt lat="41.742990000000006" lon="2.95894">
    <ele>91.81</ele>
   </trkpt>
   <trkpt lat="41.74293" lon="2.9586900000000003">
    <ele>91.44000000000001</ele>
   </trkpt>
   <trkpt lat="41.74282" lon="2.95853">
    <ele>91.00000000000001</ele>
   </trkpt>
   <trkpt lat="41.742720000000006" lon="2.95847">
    <ele>90.77</ele>
   </trkpt>
   <trkpt lat="41.7426" lon="2.9584900000000003">
    <ele>90.68</ele>
   </trkpt>
   <trkpt lat="41.74224" lon="2.9588">
    <ele>90.66</ele>
   </trkpt>
   <trkpt lat="41.74217" lon="2.95881">
    <ele>90.76</ele>
   </trkpt>
   <trkpt lat="41.74208" lon="2.9588">
    <ele>90.76</ele>
   </trkpt>
   <trkpt lat="41.74179" lon="2.95873">
    <ele>90.66</ele>
   </trkpt>
   <trkpt lat="41.74175" lon="2.9587000000000003">
    <ele>90.58000000000001</ele>
   </trkpt>
   <trkpt lat="41.7417" lon="2.9586200000000002">
    <ele>90.36000000000001</ele>
   </trkpt>
   <trkpt lat="41.74165" lon="2.9584400000000004">
    <ele>90.21000000000001</ele>
   </trkpt>
   <trkpt lat="41.74161" lon="2.9582">
    <ele>89.34</ele>
   </trkpt>
   <trkpt lat="41.74163" lon="2.9580900000000003">
    <ele>89.34</ele>
   </trkpt>
   <trkpt lat="41.741690000000006" lon="2.95792">
    <ele>88.03000000000002</ele>
   </trkpt>
   <trkpt lat="41.741710000000005" lon="2.95772">
    <ele>87.73</ele>
   </trkpt>
   <trkpt lat="41.74168" lon="2.9574200000000004">
    <ele>87.32000000000001</ele>
   </trkpt>
   <trkpt lat="41.741690000000006" lon="2.9572900000000004">
    <ele>86.73</ele>
   </trkpt>
   <trkpt lat="41.74177" lon="2.95705">
    <ele>86.33</ele>
   </trkpt>
   <trkpt lat="41.741780000000006" lon="2.9568800000000004">
    <ele>86.07000000000001</ele>
   </trkpt>
   <trkpt lat="41.74163" lon="2.9563900000000003">
    <ele>85.33</ele>
   </trkpt>
   <trkpt lat="41.74157" lon="2.9562700000000004">
    <ele>85.33</ele>
   </trkpt>
   <trkpt lat="41.74152" lon="2.9562100000000004">
    <ele>85.33</ele>
   </trkpt>
   <trkpt lat="41.741460000000004" lon="2.95617">
    <ele>85.33</ele>
   </trkpt>
   <trkpt lat="41.74139" lon="2.95616">
    <ele>84.81</ele>
   </trkpt>
   <trkpt lat="41.7409" lon="2.95636">
    <ele>83.88000000000001</ele>
   </trkpt>
   <trkpt lat="41.740640000000006" lon="2.95644">
    <ele>83.88000000000001</ele>
   </trkpt>
   <trkpt lat="41.74056" lon="2.9565">
    <ele>83.04</ele>
   </trkpt>
   <trkpt lat="41.74022" lon="2.95696">
    <ele>82.52000000000001</ele>
   </trkpt>
   <trkpt lat="41.74013" lon="2.9570100000000004">
    <ele>81.42</ele>
   </trkpt>
   <trkpt lat="41.74007" lon="2.9570200000000004">
    <ele>81.42</ele>
   </trkpt>
   <trkpt lat="41.74" lon="2.9570000000000003">
    <ele>81.42</ele>
   </trkpt>
   <trkpt lat="41.73987" lon="2.9569300000000003">
    <ele>81.42</ele>
   </trkpt>
   <trkpt lat="41.739650000000005" lon="2.9567200000000002">
    <ele>80.55000000000001</ele>
   </trkpt>
   <trkpt lat="41.73950000000001" lon="2.95651">
    <ele>79.73</ele>
   </trkpt>
   <trkpt lat="41.73944" lon="2.9564600000000003">
    <ele>79.73</ele>
   </trkpt>
   <trkpt lat="41.73935" lon="2.9564600000000003">
    <ele>79.44000000000001</ele>
   </trkpt>
   <trkpt lat="41.739290000000004" lon="2.9564800000000004">
    <ele>79.44000000000001</ele>
   </trkpt>
   <trkpt lat="41.738960000000006" lon="2.95671">
    <ele>77.93</ele>
   </trkpt>
   <trkpt lat="41.73884" lon="2.9567">
    <ele>77.54</ele>
   </trkpt>
   <trkpt lat="41.73872" lon="2.95664">
    <ele>76.06</ele>
   </trkpt>
   <trkpt lat="41.73863" lon="2.9564700000000004">
    <ele>76.06</ele>
   </trkpt>
   <trkpt lat="41.738620000000004" lon="2.95635">
    <ele>75.37</ele>
   </trkpt>
   <trkpt lat="41.738730000000004" lon="2.95581">
    <ele>73.43</ele>
   </trkpt>
   <trkpt lat="41.738760000000006" lon="2.9553900000000004">
    <ele>71.62</ele>
   </trkpt>
   <trkpt lat="41.73888" lon="2.95454">
    <ele>67.43</ele>
   </trkpt>
   <trkpt lat="41.738820000000004" lon="2.95414">
    <ele>63.44000000000001</ele>
   </trkpt>
   <trkpt lat="41.73884" lon="2.95365">
    <ele>63.44000000000001</ele>
   </trkpt>
   <trkpt lat="41.73881" lon="2.95351">
    <ele>62.09</ele>
   </trkpt>
   <trkpt lat="41.73868" lon="2.9531600000000005">
    <ele>60.43000000000001</ele>
   </trkpt>
   <trkpt lat="41.73854" lon="2.9525500000000005">
    <ele>58.190000000000005</ele>
   </trkpt>
   <trkpt lat="41.7385" lon="2.9523">
    <ele>56.870000000000005</ele>
   </trkpt>
   <trkpt lat="41.73852" lon="2.95215">
    <ele>56.290000000000006</ele>
   </trkpt>
   <trkpt lat="41.73857" lon="2.95209">
    <ele>55.61000000000001</ele>
   </trkpt>
   <trkpt lat="41.73863" lon="2.9520700000000004">
    <ele>55.61000000000001</ele>
   </trkpt>
   <trkpt lat="41.739000000000004" lon="2.9521900000000003">
    <ele>51.96000000000001</ele>
   </trkpt>
   <trkpt lat="41.739290000000004" lon="2.95223">
    <ele>51.300000000000004</ele>
   </trkpt>
   <trkpt lat="41.739360000000005" lon="2.9522600000000003">
    <ele>51.300000000000004</ele>
   </trkpt>
   <trkpt lat="41.739540000000005" lon="2.9523800000000002">
    <ele>47.24</ele>
   </trkpt>
   <trkpt lat="41.739830000000005" lon="2.95265">
    <ele>45.43000000000001</ele>
   </trkpt>
   <trkpt lat="41.73991" lon="2.95264">
    <ele>45.43000000000001</ele>
   </trkpt>
   <trkpt lat="41.73995" lon="2.95262">
    <ele>44.78</ele>
   </trkpt>
   <trkpt lat="41.74002" lon="2.9525300000000003">
    <ele>44.78</ele>
   </trkpt>
   <trkpt lat="41.740030000000004" lon="2.95242">
    <ele>43.910000000000004</ele>
   </trkpt>
   <trkpt lat="41.73993" lon="2.9519900000000003">
    <ele>42.11</ele>
   </trkpt>
   <trkpt lat="41.739940000000004" lon="2.9517300000000004">
    <ele>41.68</ele>
   </trkpt>
   <trkpt lat="41.73996" lon="2.95163">
    <ele>39.88</ele>
   </trkpt>
   <trkpt lat="41.74022" lon="2.9510600000000005">
    <ele>38.38</ele>
   </trkpt>
   <trkpt lat="41.740520000000004" lon="2.95054">
    <ele>37.53</ele>
   </trkpt>
   <trkpt lat="41.740550000000006" lon="2.9504500000000005">
    <ele>37.59</ele>
   </trkpt>
   <trkpt lat="41.740550000000006" lon="2.95034">
    <ele>37.69</ele>
   </trkpt>
   <trkpt lat="41.74051" lon="2.9502200000000003">
    <ele>37.82000000000001</ele>
   </trkpt>
   <trkpt lat="41.740280000000006" lon="2.95005">
    <ele>38.1</ele>
   </trkpt>
   <trkpt lat="41.74018" lon="2.9500100000000002">
    <ele>38.21</ele>
   </trkpt>
   <trkpt lat="41.74011" lon="2.9500300000000004">
    <ele>38.21</ele>
   </trkpt>
   <trkpt lat="41.74004" lon="2.9500900000000003">
    <ele>38.49</ele>
   </trkpt>
   <trkpt lat="41.739650000000005" lon="2.95061">
    <ele>40.580000000000005</ele>
   </trkpt>
   <trkpt lat="41.73951" lon="2.95068">
    <ele>42.75</ele>
   </trkpt>
   <trkpt lat="41.739340000000006" lon="2.9507200000000005">
    <ele>43.620000000000005</ele>
   </trkpt>
   <trkpt lat="41.739270000000005" lon="2.95067">
    <ele>44.660000000000004</ele>
   </trkpt>
   <trkpt lat="41.739200000000004" lon="2.9505700000000004">
    <ele>44.660000000000004</ele>
   </trkpt>
   <trkpt lat="41.739140000000006" lon="2.95039">
    <ele>46.42</ele>
   </trkpt>
   <trkpt lat="41.739110000000004" lon="2.95">
    <ele>47.760000000000005</ele>
   </trkpt>
   <trkpt lat="41.73904" lon="2.9498200000000003">
    <ele>48.21</ele>
   </trkpt>
   <trkpt lat="41.738980000000005" lon="2.94978">
    <ele>48.57</ele>
   </trkpt>
   <trkpt lat="41.738890000000005" lon="2.94979">
    <ele>48.57</ele>
   </trkpt>
   <trkpt lat="41.738710000000005" lon="2.94987">
    <ele>49.63000000000001</ele>
   </trkpt>
   <trkpt lat="41.738550000000004" lon="2.94991">
    <ele>50.120000000000005</ele>
   </trkpt>
   <trkpt lat="41.738150000000005" lon="2.94979">
    <ele>51.61</ele>
   </trkpt>
   <trkpt lat="41.73809000000001" lon="2.9498">
    <ele>51.97</ele>
   </trkpt>
   <trkpt lat="41.73801" lon="2.94987">
    <ele>51.97</ele>
   </trkpt>
   <trkpt lat="41.73785" lon="2.9501700000000004">
    <ele>53.290000000000006</ele>
   </trkpt>
   <trkpt lat="41.737790000000004" lon="2.9502400000000004">
    <ele>53.970000000000006</ele>
   </trkpt>
   <trkpt lat="41.737750000000005" lon="2.9502800000000002">
    <ele>53.970000000000006</ele>
   </trkpt>
   <trkpt lat="41.73763" lon="2.95032">
    <ele>54.540000000000006</ele>
   </trkpt>
   <trkpt lat="41.73753000000001" lon="2.9503000000000004">
    <ele>54.540000000000006</ele>
   </trkpt>
   <trkpt lat="41.737230000000004" lon="2.95007">
    <ele>56.75</ele>
   </trkpt>
   <trkpt lat="41.736850000000004" lon="2.94987">
    <ele>56.940000000000005</ele>
   </trkpt>
   <trkpt lat="41.736790000000006" lon="2.9498100000000003">
    <ele>56.900000000000006</ele>
   </trkpt>
   <trkpt lat="41.73673" lon="2.9497000000000004">
    <ele>56.67</ele>
   </trkpt>
   <trkpt lat="41.73671" lon="2.9494800000000003">
    <ele>55.870000000000005</ele>
   </trkpt>
   <trkpt lat="41.73675" lon="2.9491400000000003">
    <ele>54.470000000000006</ele>
   </trkpt>
   <trkpt lat="41.7368" lon="2.94898">
    <ele>53.86000000000001</ele>
   </trkpt>
   <trkpt lat="41.73689" lon="2.9488700000000003">
    <ele>53.86000000000001</ele>
   </trkpt>
   <trkpt lat="41.73705" lon="2.94877">
    <ele>50.620000000000005</ele>
   </trkpt>
   <trkpt lat="41.737100000000005" lon="2.94871">
    <ele>50.620000000000005</ele>
   </trkpt>
   <trkpt lat="41.737230000000004" lon="2.9484600000000003">
    <ele>48.43</ele>
   </trkpt>
   <trkpt lat="41.73731" lon="2.94824">
    <ele>48.43</ele>
   </trkpt>
   <trkpt lat="41.73733" lon="2.9481300000000004">
    <ele>48.43</ele>
   </trkpt>
   <trkpt lat="41.737300000000005" lon="2.94796">
    <ele>45.37</ele>
   </trkpt>
   <trkpt lat="41.73715000000001" lon="2.94762">
    <ele>44.17</ele>
   </trkpt>
   <trkpt lat="41.73713" lon="2.9475200000000004">
    <ele>43.32</ele>
   </trkpt>
   <trkpt lat="41.73716" lon="2.9472">
    <ele>42.1</ele>
   </trkpt>
   <trkpt lat="41.737140000000004" lon="2.9470400000000003">
    <ele>41.660000000000004</ele>
   </trkpt>
   <trkpt lat="41.73705" lon="2.9469000000000003">
    <ele>40.870000000000005</ele>
   </trkpt>
   <trkpt lat="41.73696" lon="2.9468500000000004">
    <ele>40.870000000000005</ele>
   </trkpt>
   <trkpt lat="41.73684" lon="2.9468500000000004">
    <ele>40.46</ele>
   </trkpt>
   <trkpt lat="41.73653" lon="2.9469200000000004">
    <ele>39.089999999999996</ele>
   </trkpt>
   <trkpt lat="41.73644" lon="2.94687">
    <ele>38.71</ele>
   </trkpt>
   <trkpt lat="41.7364" lon="2.9468300000000003">
    <ele>38.49</ele>
   </trkpt>
   <trkpt lat="41.73637" lon="2.9466300000000003">
    <ele>37.96</ele>
   </trkpt>
   <trkpt lat="41.73644" lon="2.9462900000000003">
    <ele>35.81</ele>
   </trkpt>
   <trkpt lat="41.73644" lon="2.9461000000000004">
    <ele>35.02</ele>
   </trkpt>
   <trkpt lat="41.736340000000006" lon="2.94558">
    <ele>33.46</ele>
   </trkpt>
   <trkpt lat="41.7363" lon="2.9454700000000003">
    <ele>33.22</ele>
   </trkpt>
   <trkpt lat="41.736230000000006" lon="2.9454300000000004">
    <ele>33.22</ele>
   </trkpt>
   <trkpt lat="41.73581" lon="2.9454700000000003">
    <ele>32.92</ele>
   </trkpt>
   <trkpt lat="41.7357" lon="2.94553">
    <ele>33.27</ele>
   </trkpt>
   <trkpt lat="41.73521" lon="2.9464">
    <ele>35.31</ele>
   </trkpt>
   <trkpt lat="41.7351" lon="2.9466300000000003">
    <ele>39.16</ele>
   </trkpt>
   <trkpt lat="41.73498" lon="2.94707">
    <ele>40.019999999999996</ele>
   </trkpt>
   <trkpt lat="41.734950000000005" lon="2.9475200000000004">
    <ele>42.13</ele>
   </trkpt>
   <trkpt lat="41.73487" lon="2.9479100000000003">
    <ele>43.53000000000001</ele>
   </trkpt>
   <trkpt lat="41.734840000000005" lon="2.9483800000000002">
    <ele>44.38</ele>
   </trkpt>
   <trkpt lat="41.734820000000006" lon="2.9484500000000002">
    <ele>44.38</ele>
   </trkpt>
   <trkpt lat="41.73476" lon="2.9485500000000004">
    <ele>44.79</ele>
   </trkpt>
   <trkpt lat="41.734660000000005" lon="2.9486700000000003">
    <ele>44.79</ele>
   </trkpt>
   <trkpt lat="41.734440000000006" lon="2.94883">
    <ele>45.08</ele>
   </trkpt>
   <trkpt lat="41.734390000000005" lon="2.9489">
    <ele>45.53</ele>
   </trkpt>
   <trkpt lat="41.734280000000005" lon="2.9492800000000003">
    <ele>45.87</ele>
   </trkpt>
   <trkpt lat="41.734030000000004" lon="2.9497000000000004">
    <ele>47.41</ele>
   </trkpt>
   <trkpt lat="41.733920000000005" lon="2.94978">
    <ele>47.41</ele>
   </trkpt>
   <trkpt lat="41.733760000000004" lon="2.9497700000000004">
    <ele>48.17</ele>
   </trkpt>
   <trkpt lat="41.733610000000006" lon="2.9497400000000003">
    <ele>49.120000000000005</ele>
   </trkpt>
   <trkpt lat="41.733380000000004" lon="2.9496300000000004">
    <ele>49.720000000000006</ele>
   </trkpt>
   <trkpt lat="41.733270000000005" lon="2.9496300000000004">
    <ele>49.720000000000006</ele>
   </trkpt>
   <trkpt lat="41.73301" lon="2.9498">
    <ele>50.63</ele>
   </trkpt>
   <trkpt lat="41.732820000000004" lon="2.94987">
    <ele>51.07</ele>
   </trkpt>
   <trkpt lat="41.732400000000005" lon="2.9499600000000004">
    <ele>51.2</ele>
   </trkpt>
   <trkpt lat="41.732330000000005" lon="2.9500200000000003">
    <ele>51.2</ele>
   </trkpt>
   <trkpt lat="41.732110000000006" lon="2.9503100000000004">
    <ele>51.07</ele>
   </trkpt>
   <trkpt lat="41.73201" lon="2.95041">
    <ele>51.07</ele>
   </trkpt>
   <trkpt lat="41.7319" lon="2.9504500000000005">
    <ele>51.07</ele>
   </trkpt>
   <trkpt lat="41.73181" lon="2.9504300000000003">
    <ele>51.03000000000001</ele>
   </trkpt>
   <trkpt lat="41.731750000000005" lon="2.95039">
    <ele>51.03000000000001</ele>
   </trkpt>
   <trkpt lat="41.73172" lon="2.9503500000000003">
    <ele>51.03000000000001</ele>
   </trkpt>
   <trkpt lat="41.73165" lon="2.9501500000000003">
    <ele>51.03000000000001</ele>
   </trkpt>
   <trkpt lat="41.73163" lon="2.94978">
    <ele>50.97</ele>
   </trkpt>
   <trkpt lat="41.73154" lon="2.94938">
    <ele>50.82</ele>
   </trkpt>
   <trkpt lat="41.73147" lon="2.9486100000000004">
    <ele>50.52</ele>
   </trkpt>
   <trkpt lat="41.73149" lon="2.9485">
    <ele>50.52</ele>
   </trkpt>
   <trkpt lat="41.73162000000001" lon="2.94823">
    <ele>50.28</ele>
   </trkpt>
   <trkpt lat="41.73167" lon="2.9479900000000003">
    <ele>50.120000000000005</ele>
   </trkpt>
   <trkpt lat="41.731680000000004" lon="2.94781">
    <ele>50.120000000000005</ele>
   </trkpt>
   <trkpt lat="41.731660000000005" lon="2.94769">
    <ele>50.120000000000005</ele>
   </trkpt>
   <trkpt lat="41.73152" lon="2.9473300000000004">
    <ele>50.150000000000006</ele>
   </trkpt>
   <trkpt lat="41.731460000000006" lon="2.94708">
    <ele>50.39</ele>
   </trkpt>
   <trkpt lat="41.731390000000005" lon="2.9469700000000003">
    <ele>50.63</ele>
   </trkpt>
   <trkpt lat="41.73122" lon="2.94686">
    <ele>51.10000000000001</ele>
   </trkpt>
   <trkpt lat="41.73116" lon="2.9468">
    <ele>51.64000000000001</ele>
   </trkpt>
   <trkpt lat="41.73114" lon="2.9467200000000005">
    <ele>51.870000000000005</ele>
   </trkpt>
   <trkpt lat="41.73122" lon="2.9459700000000004">
    <ele>53.75000000000001</ele>
   </trkpt>
   <trkpt lat="41.73122" lon="2.9457700000000004">
    <ele>54.7</ele>
   </trkpt>
   <trkpt lat="41.73118" lon="2.9456200000000003">
    <ele>54.7</ele>
   </trkpt>
   <trkpt lat="41.731" lon="2.94538">
    <ele>55.970000000000006</ele>
   </trkpt>
   <trkpt lat="41.73098" lon="2.9452200000000004">
    <ele>56.96</ele>
   </trkpt>
   <trkpt lat="41.73104" lon="2.94505">
    <ele>57.68</ele>
   </trkpt>
   <trkpt lat="41.7312" lon="2.9448100000000004">
    <ele>58.82</ele>
   </trkpt>
   <trkpt lat="41.731230000000004" lon="2.9446700000000003">
    <ele>59.35000000000001</ele>
   </trkpt>
   <trkpt lat="41.731230000000004" lon="2.94437">
    <ele>61.290000000000006</ele>
   </trkpt>
   <trkpt lat="41.73127" lon="2.94424">
    <ele>61.53000000000001</ele>
   </trkpt>
   <trkpt lat="41.73162000000001" lon="2.94404">
    <ele>63.230000000000004</ele>
   </trkpt>
   <trkpt lat="41.73171000000001" lon="2.9439300000000004">
    <ele>64.03</ele>
   </trkpt>
   <trkpt lat="41.73180000000001" lon="2.94375">
    <ele>65.46000000000001</ele>
   </trkpt>
   <trkpt lat="41.73192" lon="2.94341">
    <ele>66.99000000000001</ele>
   </trkpt>
   <trkpt lat="41.73192" lon="2.9432600000000004">
    <ele>67.28</ele>
   </trkpt>
   <trkpt lat="41.73187" lon="2.9431700000000003">
    <ele>68.07000000000001</ele>
   </trkpt>
   <trkpt lat="41.73178" lon="2.9431100000000003">
    <ele>68.08</ele>
   </trkpt>
   <trkpt lat="41.73169" lon="2.94309">
    <ele>68.71000000000001</ele>
   </trkpt>
   <trkpt lat="41.73145" lon="2.9432600000000004">
    <ele>70.67000000000002</ele>
   </trkpt>
   <trkpt lat="41.731410000000004" lon="2.9432500000000004">
    <ele>71.25</ele>
   </trkpt>
   <trkpt lat="41.73134" lon="2.9432">
    <ele>71.76</ele>
   </trkpt>
   <trkpt lat="41.731300000000005" lon="2.9431100000000003">
    <ele>71.99000000000001</ele>
   </trkpt>
   <trkpt lat="41.73113" lon="2.94253">
    <ele>73.84</ele>
   </trkpt>
   <trkpt lat="41.730990000000006" lon="2.94214">
    <ele>75.64000000000001</ele>
   </trkpt>
   <trkpt lat="41.730850000000004" lon="2.9419500000000003">
    <ele>76.08000000000001</ele>
   </trkpt>
   <trkpt lat="41.73057" lon="2.9417000000000004">
    <ele>78.78</ele>
   </trkpt>
   <trkpt lat="41.73048" lon="2.94164">
    <ele>78.78</ele>
   </trkpt>
   <trkpt lat="41.7301" lon="2.9415600000000004">
    <ele>80.19000000000001</ele>
   </trkpt>
   <trkpt lat="41.729850000000006" lon="2.9413300000000002">
    <ele>82.01</ele>
   </trkpt>
   <trkpt lat="41.72972" lon="2.9412800000000003">
    <ele>82.11</ele>
   </trkpt>
   <trkpt lat="41.72965000000001" lon="2.9413">
    <ele>82.82000000000001</ele>
   </trkpt>
   <trkpt lat="41.72959" lon="2.9413500000000004">
    <ele>82.82000000000001</ele>
   </trkpt>
   <trkpt lat="41.729330000000004" lon="2.9416800000000003">
    <ele>85.03</ele>
   </trkpt>
   <trkpt lat="41.72928" lon="2.9418300000000004">
    <ele>85.96000000000001</ele>
   </trkpt>
   <trkpt lat="41.729330000000004" lon="2.9420400000000004">
    <ele>85.96000000000001</ele>
   </trkpt>
   <trkpt lat="41.729510000000005" lon="2.9423600000000003">
    <ele>87.93</ele>
   </trkpt>
   <trkpt lat="41.729780000000005" lon="2.9426900000000002">
    <ele>90.47000000000001</ele>
   </trkpt>
   <trkpt lat="41.72981" lon="2.9427600000000003">
    <ele>90.47000000000001</ele>
   </trkpt>
   <trkpt lat="41.729800000000004" lon="2.9429100000000004">
    <ele>90.97000000000001</ele>
   </trkpt>
   <trkpt lat="41.729760000000006" lon="2.9429900000000004">
    <ele>91.6</ele>
   </trkpt>
   <trkpt lat="41.729420000000005" lon="2.94327">
    <ele>93.33000000000001</ele>
   </trkpt>
   <trkpt lat="41.72916" lon="2.9436400000000003">
    <ele>94.66000000000001</ele>
   </trkpt>
   <trkpt lat="41.728860000000005" lon="2.9437900000000004">
    <ele>97.60000000000001</ele>
   </trkpt>
   <trkpt lat="41.72880000000001" lon="2.9438600000000004">
    <ele>97.60000000000001</ele>
   </trkpt>
   <trkpt lat="41.72876" lon="2.9439400000000004">
    <ele>97.60000000000001</ele>
   </trkpt>
   <trkpt lat="41.72867" lon="2.9442700000000004">
    <ele>99.11</ele>
   </trkpt>
   <trkpt lat="41.728570000000005" lon="2.9444100000000004">
    <ele>99.82000000000001</ele>
   </trkpt>
   <trkpt lat="41.72849" lon="2.9444000000000004">
    <ele>100.42</ele>
   </trkpt>
   <trkpt lat="41.72842000000001" lon="2.94437">
    <ele>100.42</ele>
   </trkpt>
   <trkpt lat="41.728370000000005" lon="2.9443300000000003">
    <ele>100.85000000000001</ele>
   </trkpt>
   <trkpt lat="41.728210000000004" lon="2.9441200000000003">
    <ele>102.58</ele>
   </trkpt>
   <trkpt lat="41.72815000000001" lon="2.94408">
    <ele>102.58</ele>
   </trkpt>
   <trkpt lat="41.72789" lon="2.94404">
    <ele>104.39000000000001</ele>
   </trkpt>
   <trkpt lat="41.72768000000001" lon="2.94389">
    <ele>104.78000000000002</ele>
   </trkpt>
   <trkpt lat="41.727610000000006" lon="2.9438700000000004">
    <ele>105.08</ele>
   </trkpt>
   <trkpt lat="41.72735" lon="2.9438500000000003">
    <ele>105.73</ele>
   </trkpt>
   <trkpt lat="41.72717" lon="2.9437900000000004">
    <ele>105.97000000000001</ele>
   </trkpt>
   <trkpt lat="41.72708" lon="2.9437800000000003">
    <ele>105.97000000000001</ele>
   </trkpt>
   <trkpt lat="41.72688" lon="2.94389">
    <ele>105.57000000000001</ele>
   </trkpt>
   <trkpt lat="41.726780000000005" lon="2.9439200000000003">
    <ele>105.22</ele>
   </trkpt>
   <trkpt lat="41.726710000000004" lon="2.94389">
    <ele>104.78000000000002</ele>
   </trkpt>
   <trkpt lat="41.72664" lon="2.9438000000000004">
    <ele>104.78000000000002</ele>
   </trkpt>
   <trkpt lat="41.72652" lon="2.9435200000000004">
    <ele>102.97</ele>
   </trkpt>
   <trkpt lat="41.726290000000006" lon="2.9423700000000004">
    <ele>97.84</ele>
   </trkpt>
   <trkpt lat="41.72627000000001" lon="2.94207">
    <ele>96.66000000000001</ele>
   </trkpt>
   <trkpt lat="41.726310000000005" lon="2.9418300000000004">
    <ele>95.67</ele>
   </trkpt>
   <trkpt lat="41.726440000000004" lon="2.94151">
    <ele>93.14000000000001</ele>
   </trkpt>
   <trkpt lat="41.72643" lon="2.9413600000000004">
    <ele>92.11000000000001</ele>
   </trkpt>
   <trkpt lat="41.72623" lon="2.94099">
    <ele>89.15</ele>
   </trkpt>
   <trkpt lat="41.726220000000005" lon="2.94091">
    <ele>89.15</ele>
   </trkpt>
   <trkpt lat="41.726240000000004" lon="2.9408100000000004">
    <ele>89.15</ele>
   </trkpt>
   <trkpt lat="41.726310000000005" lon="2.9407300000000003">
    <ele>88.02</ele>
   </trkpt>
   <trkpt lat="41.72645000000001" lon="2.9406200000000005">
    <ele>88.02</ele>
   </trkpt>
   <trkpt lat="41.726510000000005" lon="2.9405300000000003">
    <ele>85.94</ele>
   </trkpt>
   <trkpt lat="41.726530000000004" lon="2.94043">
    <ele>85.94</ele>
   </trkpt>
   <trkpt lat="41.72652" lon="2.9403400000000004">
    <ele>85.94</ele>
   </trkpt>
   <trkpt lat="41.726310000000005" lon="2.9399800000000003">
    <ele>83.08</ele>
   </trkpt>
   <trkpt lat="41.726150000000004" lon="2.9397900000000003">
    <ele>81.32000000000001</ele>
   </trkpt>
   <trkpt lat="41.726060000000004" lon="2.9397100000000003">
    <ele>79.65</ele>
   </trkpt>
   <trkpt lat="41.725640000000006" lon="2.93941">
    <ele>77.32</ele>
   </trkpt>
   <trkpt lat="41.725410000000004" lon="2.93914">
    <ele>75.48</ele>
   </trkpt>
   <trkpt lat="41.72531" lon="2.9389000000000003">
    <ele>74.23</ele>
   </trkpt>
   <trkpt lat="41.72524000000001" lon="2.9386400000000004">
    <ele>73.33</ele>
   </trkpt>
   <trkpt lat="41.72524000000001" lon="2.93855">
    <ele>73.33</ele>
   </trkpt>
   <trkpt lat="41.725300000000004" lon="2.9384200000000003">
    <ele>72.94</ele>
   </trkpt>
   <trkpt lat="41.72536" lon="2.9383500000000002">
    <ele>72.25000000000001</ele>
   </trkpt>
   <trkpt lat="41.72545" lon="2.93832">
    <ele>71.7</ele>
   </trkpt>
   <trkpt lat="41.72554" lon="2.9383500000000002">
    <ele>71.08</ele>
   </trkpt>
   <trkpt lat="41.72569" lon="2.9384500000000005">
    <ele>69.77000000000001</ele>
   </trkpt>
   <trkpt lat="41.725860000000004" lon="2.9384900000000003">
    <ele>69.77000000000001</ele>
   </trkpt>
   <trkpt lat="41.72616" lon="2.9385000000000003">
    <ele>65.55000000000001</ele>
   </trkpt>
   <trkpt lat="41.72621" lon="2.93846">
    <ele>65.55000000000001</ele>
   </trkpt>
   <trkpt lat="41.72625" lon="2.93839">
    <ele>65.55000000000001</ele>
   </trkpt>
   <trkpt lat="41.72625" lon="2.9381600000000003">
    <ele>64.92</ele>
   </trkpt>
   <trkpt lat="41.726290000000006" lon="2.9380300000000004">
    <ele>64.23</ele>
   </trkpt>
   <trkpt lat="41.726350000000004" lon="2.9379700000000004">
    <ele>62.7</ele>
   </trkpt>
   <trkpt lat="41.72652" lon="2.93792">
    <ele>61.970000000000006</ele>
   </trkpt>
   <trkpt lat="41.726600000000005" lon="2.93786">
    <ele>61.25000000000001</ele>
   </trkpt>
   <trkpt lat="41.72665000000001" lon="2.9378">
    <ele>59.89000000000001</ele>
   </trkpt>
   <trkpt lat="41.72664" lon="2.93765">
    <ele>59.89000000000001</ele>
   </trkpt>
   <trkpt lat="41.726620000000004" lon="2.93758">
    <ele>59.160000000000004</ele>
   </trkpt>
   <trkpt lat="41.72657" lon="2.93752">
    <ele>59.160000000000004</ele>
   </trkpt>
   <trkpt lat="41.72646" lon="2.93744">
    <ele>57.220000000000006</ele>
   </trkpt>
   <trkpt lat="41.726240000000004" lon="2.9373400000000003">
    <ele>55.71</ele>
   </trkpt>
   <trkpt lat="41.72598000000001" lon="2.9370900000000004">
    <ele>53.18000000000001</ele>
   </trkpt>
   <trkpt lat="41.725820000000006" lon="2.93677">
    <ele>51.4</ele>
   </trkpt>
   <trkpt lat="41.72580000000001" lon="2.93665">
    <ele>51.120000000000005</ele>
   </trkpt>
   <trkpt lat="41.72581" lon="2.9365900000000003">
    <ele>50.82</ele>
   </trkpt>
   <trkpt lat="41.72592" lon="2.9364100000000004">
    <ele>49.03</ele>
   </trkpt>
   <trkpt lat="41.72594" lon="2.93629">
    <ele>48.35</ele>
   </trkpt>
   <trkpt lat="41.72579" lon="2.9359200000000003">
    <ele>46.040000000000006</ele>
   </trkpt>
   <trkpt lat="41.725770000000004" lon="2.93575">
    <ele>46.040000000000006</ele>
   </trkpt>
   <trkpt lat="41.72580000000001" lon="2.9355800000000003">
    <ele>44.44</ele>
   </trkpt>
   <trkpt lat="41.7259" lon="2.93541">
    <ele>42.75</ele>
   </trkpt>
   <trkpt lat="41.725910000000006" lon="2.9353000000000002">
    <ele>42.75</ele>
   </trkpt>
   <trkpt lat="41.725660000000005" lon="2.93475">
    <ele>39.470000000000006</ele>
   </trkpt>
   <trkpt lat="41.725620000000006" lon="2.9346200000000002">
    <ele>39.470000000000006</ele>
   </trkpt>
   <trkpt lat="41.72561" lon="2.9345000000000003">
    <ele>38.330000000000005</ele>
   </trkpt>
   <trkpt lat="41.725660000000005" lon="2.9343800000000004">
    <ele>37.83</ele>
   </trkpt>
   <trkpt lat="41.72576" lon="2.9343000000000004">
    <ele>37.26</ele>
   </trkpt>
   <trkpt lat="41.72581" lon="2.9342900000000003">
    <ele>37.26</ele>
   </trkpt>
   <trkpt lat="41.72614" lon="2.93432">
    <ele>34.56</ele>
   </trkpt>
   <trkpt lat="41.72623" lon="2.93428">
    <ele>34.31</ele>
   </trkpt>
   <trkpt lat="41.726290000000006" lon="2.9342">
    <ele>33.65</ele>
   </trkpt>
   <trkpt lat="41.726310000000005" lon="2.9341000000000004">
    <ele>33.65</ele>
   </trkpt>
   <trkpt lat="41.72628" lon="2.9339700000000004">
    <ele>33.29</ele>
   </trkpt>
   <trkpt lat="41.72621" lon="2.93387">
    <ele>33.29</ele>
   </trkpt>
   <trkpt lat="41.725840000000005" lon="2.93365">
    <ele>29.730000000000004</ele>
   </trkpt>
   <trkpt lat="41.725590000000004" lon="2.93344">
    <ele>27.020000000000003</ele>
   </trkpt>
   <trkpt lat="41.72547" lon="2.93331">
    <ele>25.830000000000002</ele>
   </trkpt>
   <trkpt lat="41.72532" lon="2.9330900000000004">
    <ele>25.650000000000002</ele>
   </trkpt>
   <trkpt lat="41.72496" lon="2.93277">
    <ele>24.040000000000003</ele>
   </trkpt>
   <trkpt lat="41.724940000000004" lon="2.9327">
    <ele>24.290000000000003</ele>
   </trkpt>
   <trkpt lat="41.72489" lon="2.93265">
    <ele>24.290000000000003</ele>
   </trkpt>
   <trkpt lat="41.724830000000004" lon="2.93265">
    <ele>23.26</ele>
   </trkpt>
   <trkpt lat="41.72477000000001" lon="2.93271">
    <ele>23.17</ele>
   </trkpt>
   <trkpt lat="41.724610000000006" lon="2.9327300000000003">
    <ele>22.17</ele>
   </trkpt>
   <trkpt lat="41.72426" lon="2.9327">
    <ele>19.200000000000003</ele>
   </trkpt>
   <trkpt lat="41.723960000000005" lon="2.9326600000000003">
    <ele>17.67</ele>
   </trkpt>
   <trkpt lat="41.72388" lon="2.9326100000000004">
    <ele>16.790000000000003</ele>
   </trkpt>
   <trkpt lat="41.72377" lon="2.9324700000000004">
    <ele>15.530000000000001</ele>
   </trkpt>
   <trkpt lat="41.72323000326999" lon="2.9316099928743924">
    <ele>11.46</ele>
   </trkpt>
   <trkpt lat="41.72269" lon="2.93075">
    <ele>10.020000000000001</ele>
   </trkpt>
   <trkpt lat="41.72272" lon="2.9309200000000004">
    <ele>10.100000000000001</ele>
   </trkpt>
   <trkpt lat="41.72307000141408" lon="2.931469997165677">
    <ele>10.38</ele>
   </trkpt>
   <trkpt lat="41.723420000000004" lon="2.93202">
    <ele>11.500000000000002</ele>
   </trkpt>
  </trkseg>
 </trk>
</gpx>
